index,ano,data,rodada,time,tecnico,colocacao,gols,total_gols,gols_outro_time,dif_gols,derrota,empate,vitoria
5890,2018,2018-04-14,1,Cruzeiro,Mano Menezes,15.0,0.0,1.0,1.0,-1.0,1,0,0
5894,2018,2018-04-15,1,Corinthians,Fábio Carille,5.0,2.0,3.0,1.0,1.0,0,0,1
5895,2018,2018-04-15,1,Internacional,Odair Hellmann,4.0,2.0,2.0,0.0,2.0,0,0,1
5898,2018,2018-04-17,1,Botafogo,Alberto Valentim,12.0,1.0,2.0,1.0,0.0,0,1,0
5899,2018,2018-04-17,1,São Paulo,Diego Aguirre,8.0,1.0,1.0,0.0,1.0,0,0,1
5901,2018,2018-04-22,2,Flamengo,Maurício Barbieri,9.0,2.0,2.0,0.0,2.0,0,0,1
5903,2018,2018-04-22,2,Atlético-MG,Thiago Larghi,13.0,2.0,3.0,1.0,1.0,0,0,1
5907,2018,2018-04-22,2,Palmeiras,Roger Machado,11.0,1.0,1.0,0.0,1.0,0,0,1
5908,2018,2018-04-23,2,Grêmio,Renato Gaúcho,7.0,0.0,0.0,0.0,0.0,0,1,0
5909,2018,2018-04-24,2,Sport Recife,Nelsinho Baptista,19.0,1.0,2.0,1.0,0.0,0,1,0
5910,2018,2018-04-28,3,Botafogo,Alberto Valentim,14.0,2.0,3.0,1.0,1.0,0,0,1
5911,2018,2018-04-29,3,Atlético-MG,Thiago Larghi,11.0,1.0,1.0,0.0,1.0,0,0,1
5916,2018,2018-04-29,3,Palmeiras,Roger Machado,5.0,0.0,0.0,0.0,0.0,0,1,0
5917,2018,2018-04-30,3,Internacional,Odair Hellmann,10.0,0.0,0.0,0.0,0.0,0,1,0
5921,2018,2018-05-06,4,São Paulo,Diego Aguirre,9.0,2.0,4.0,2.0,0.0,0,1,0
5922,2018,2018-05-06,4,Corinthians,Fábio Carille,2.0,1.0,2.0,1.0,0.0,0,1,0
5923,2018,2018-05-06,4,Cruzeiro,Mano Menezes,18.0,1.0,1.0,0.0,1.0,0,0,1
5926,2018,2018-05-06,4,Flamengo,Maurício Barbieri,1.0,2.0,2.0,0.0,2.0,0,0,1
5927,2018,2018-05-07,4,Sport Recife,Claudinei Oliveira,15.0,2.0,2.0,0.0,2.0,0,0,1
5928,2018,2018-05-07,4,Grêmio,Renato Gaúcho,13.0,5.0,6.0,1.0,4.0,0,0,1
5930,2018,2018-05-12,5,Grêmio,Renato Gaúcho,5.0,0.0,0.0,0.0,0.0,0,1,0
5931,2018,2018-05-13,5,Cruzeiro,Mano Menezes,14.0,2.0,2.0,0.0,2.0,0,0,1
5932,2018,2018-05-13,5,Corinthians,Fábio Carille,4.0,1.0,1.0,0.0,1.0,0,0,1
5938,2018,2018-05-15,5,Botafogo,Alberto Valentim,12.0,2.0,3.0,1.0,1.0,0,0,1
5940,2018,2018-05-19,6,Atlético-MG,Thiago Larghi,3.0,1.0,1.0,0.0,1.0,0,0,1
5941,2018,2018-05-20,6,Flamengo,Maurício Barbieri,1.0,1.0,2.0,1.0,0.0,0,1,0
5942,2018,2018-05-20,6,Palmeiras,Roger Machado,6.0,3.0,3.0,0.0,3.0,0,0,1
5946,2018,2018-05-20,6,São Paulo,Diego Aguirre,13.0,1.0,1.0,0.0,1.0,0,0,1
5947,2018,2018-05-20,6,Sport Recife,Claudinei Oliveira,12.0,1.0,2.0,1.0,0.0,0,1,0
5949,2018,2018-05-22,6,Internacional,Odair Hellmann,16.0,3.0,3.0,0.0,3.0,0,0,1
5951,2018,2018-05-27,7,Palmeiras,Roger Machado,4.0,2.0,5.0,3.0,-1.0,1,0,0
5952,2018,2018-05-27,7,Atlético-MG,Thiago Larghi,1.0,0.0,1.0,1.0,-1.0,1,0,0
5954,2018,2018-05-27,7,Botafogo,Alberto Valentim,11.0,1.0,2.0,1.0,0.0,0,1,0
5957,2018,2018-05-27,7,Internacional,Odair Hellmann,10.0,2.0,3.0,1.0,1.0,0,0,1
5961,2018,2018-05-31,8,Sport Recife,Claudinei Oliveira,9.0,3.0,5.0,2.0,1.0,0,0,1
5963,2018,2018-05-31,8,São Paulo,Diego Aguirre,4.0,3.0,5.0,2.0,1.0,0,0,1
5965,2018,2018-05-31,8,Cruzeiro,Mano Menezes,10.0,1.0,1.0,0.0,1.0,0,0,1
5966,2018,2018-05-31,8,Grêmio,Renato Gaúcho,5.0,0.0,0.0,0.0,0.0,0,1,0
5967,2018,2018-05-31,8,Flamengo,Maurício Barbieri,1.0,2.0,2.0,0.0,2.0,0,0,1
5968,2018,2018-05-31,8,Corinthians,Osmar Loss,6.0,1.0,1.0,0.0,1.0,0,0,1
5970,2018,2018-06-02,9,Atlético-MG,Thiago Larghi,8.0,3.0,6.0,3.0,0.0,0,1,0
5971,2018,2018-06-02,9,Internacional,Odair Hellmann,5.0,0.0,0.0,0.0,0.0,0,1,0
5973,2018,2018-06-03,9,Palmeiras,Roger Machado,11.0,3.0,4.0,1.0,2.0,0,0,1
5976,2018,2018-06-03,9,Flamengo,Maurício Barbieri,1.0,1.0,1.0,0.0,1.0,0,0,1
5980,2018,2018-06-06,10,São Paulo,Diego Aguirre,4.0,0.0,0.0,0.0,0.0,0,1,0
5982,2018,2018-06-07,10,Botafogo,Alberto Valentim,13.0,0.0,0.0,0.0,0.0,0,1,0
5983,2018,2018-06-07,10,Sport Recife,Claudinei Oliveira,6.0,1.0,1.0,0.0,1.0,0,0,1
5984,2018,2018-06-07,10,Corinthians,Osmar Loss,8.0,1.0,2.0,1.0,0.0,0,1,0
5985,2018,2018-06-07,10,Cruzeiro,Mano Menezes,2.0,1.0,2.0,1.0,0.0,0,1,0
5986,2018,2018-06-07,10,Grêmio,Renato Gaúcho,3.0,0.0,2.0,2.0,-2.0,1,0,0
5993,2018,2018-06-10,11,Corinthians,Osmar Loss,9.0,0.0,0.0,0.0,0.0,0,1,0
5994,2018,2018-06-10,11,Atlético-MG,Thiago Larghi,4.0,5.0,7.0,2.0,3.0,0,0,1
5997,2018,2018-06-10,11,Grêmio,Renato Gaúcho,7.0,1.0,1.0,0.0,1.0,0,0,1
5998,2018,2018-06-11,11,Flamengo,Maurício Barbieri,1.0,2.0,2.0,0.0,2.0,0,0,1
6000,2018,2018-06-13,12,São Paulo,Diego Aguirre,3.0,3.0,3.0,0.0,3.0,0,0,1
6004,2018,2018-06-14,12,Sport Recife,Claudinei Oliveira,7.0,0.0,0.0,0.0,0.0,0,1,0
6005,2018,2018-06-14,12,Botafogo,Alberto Valentim,12.0,2.0,2.0,0.0,2.0,0,0,1
6006,2018,2018-06-14,12,Palmeiras,Roger Machado,6.0,1.0,2.0,1.0,0.0,0,1,0
6007,2018,2018-06-14,12,Atlético-MG,Thiago Larghi,2.0,2.0,3.0,1.0,1.0,0,0,1
6009,2018,2018-06-14,12,Internacional,Odair Hellmann,5.0,3.0,4.0,1.0,2.0,0,0,1
6012,2018,2018-07-19,13,Flamengo,Maurício Barbieri,1.0,0.0,1.0,1.0,-1.0,1,0,0
6013,2018,2018-07-19,13,Corinthians,Osmar Loss,10.0,2.0,2.0,0.0,2.0,0,0,1
6014,2018,2018-07-19,13,Grêmio,Renato Gaúcho,5.0,2.0,2.0,0.0,2.0,0,0,1
6015,2018,2018-07-20,13,Cruzeiro,Mano Menezes,8.0,3.0,4.0,1.0,2.0,0,0,1
6020,2018,2018-07-22,14,Flamengo,Maurício Barbieri,1.0,2.0,2.0,0.0,2.0,0,0,1
6021,2018,2018-07-22,14,São Paulo,Diego Aguirre,2.0,3.0,4.0,1.0,2.0,0,0,1
6025,2018,2018-07-22,14,Sport Recife,Claudinei Oliveira,9.0,1.0,3.0,2.0,-1.0,1,0,0
6026,2018,2018-07-22,14,Palmeiras,Roger Machado,7.0,3.0,5.0,2.0,1.0,0,0,1
6027,2018,2018-07-23,14,Cruzeiro,Mano Menezes,6.0,2.0,3.0,1.0,1.0,0,0,1
6029,2018,2018-07-24,14,Internacional,Odair Hellmann,5.0,1.0,1.0,0.0,1.0,0,0,1
6031,2018,2018-07-26,15,Atlético-MG,Thiago Larghi,5.0,2.0,2.0,0.0,2.0,0,0,1
6033,2018,2018-07-26,15,Corinthians,Osmar Loss,9.0,2.0,2.0,0.0,2.0,0,0,1
6035,2018,2018-07-27,15,Botafogo,Marcos Paquetá,12.0,1.0,1.0,0.0,1.0,0,0,1
6036,2018,2018-07-27,15,Grêmio,Renato Gaúcho,7.0,2.0,3.0,1.0,1.0,0,0,1
6042,2018,2018-07-29,16,Palmeiras,Wesley Carvalho,7.0,3.0,3.0,0.0,3.0,0,0,1
6043,2018,2018-07-29,16,Cruzeiro,Mano Menezes,6.0,0.0,2.0,2.0,-2.0,1,0,0
6045,2018,2018-07-29,16,Flamengo,Maurício Barbieri,1.0,4.0,5.0,1.0,3.0,0,0,1
6046,2018,2018-07-29,16,Internacional,Odair Hellmann,5.0,3.0,3.0,0.0,3.0,0,0,1
6050,2018,2018-08-04,17,Botafogo,Bruno Lazaroni,13.0,0.0,0.0,0.0,0.0,0,1,0
6051,2018,2018-08-05,17,Grêmio,Renato Gaúcho,5.0,2.0,2.0,0.0,2.0,0,0,1
6052,2018,2018-08-05,17,Corinthians,Osmar Loss,7.0,0.0,0.0,0.0,0.0,0,1,0
6056,2018,2018-08-05,17,São Paulo,Diego Aguirre,2.0,2.0,3.0,1.0,1.0,0,0,1
6058,2018,2018-08-06,17,Sport Recife,Claudinei Oliveira,14.0,1.0,2.0,1.0,0.0,0,1,0
6059,2018,2018-08-07,17,Atlético-MG,Thiago Larghi,4.0,0.0,1.0,1.0,-1.0,1,0,0
6062,2018,2018-08-12,18,Atlético-MG,Thiago Larghi,5.0,3.0,4.0,1.0,2.0,0,0,1
6065,2018,2018-08-12,18,Flamengo,Maurício Barbieri,2.0,1.0,1.0,0.0,1.0,0,0,1
6066,2018,2018-08-12,18,Sport Recife,Claudinei Oliveira,14.0,1.0,4.0,3.0,-2.0,1,0,0
6067,2018,2018-08-13,18,Palmeiras,Luiz Felipe Scolari,6.0,1.0,1.0,0.0,1.0,0,0,1
6068,2018,2018-08-13,18,Grêmio,Renato Gaúcho,4.0,4.0,4.0,0.0,4.0,0,0,1
6071,2018,2018-08-19,19,Corinthians,Osmar Loss,7.0,0.0,1.0,1.0,-1.0,1,0,0
6073,2018,2018-08-19,19,Internacional,Odair Hellmann,3.0,1.0,1.0,0.0,1.0,0,0,1
6074,2018,2018-08-19,19,Cruzeiro,Mano Menezes,8.0,1.0,2.0,1.0,0.0,0,1,0
6076,2018,2018-08-19,19,Botafogo,Marcos Paquetá,11.0,0.0,3.0,3.0,-3.0,1,0,0
6078,2018,2018-08-20,19,São Paulo,Diego Aguirre,1.0,2.0,2.0,0.0,2.0,0,0,1
6083,2018,2018-08-23,20,Sport Recife,Eduardo Baptista,17.0,0.0,2.0,2.0,-2.0,1,0,0
6084,2018,2018-08-23,20,Palmeiras,Luiz Felipe Scolari,6.0,2.0,2.0,0.0,2.0,0,0,1
6086,2018,2018-08-23,20,Grêmio,Renato Gaúcho,4.0,1.0,2.0,1.0,0.0,0,1,0
6087,2018,2018-08-24,20,Flamengo,Maurício Barbieri,3.0,1.0,1.0,0.0,1.0,0,0,1
6088,2018,2018-08-24,20,Atlético-MG,Thiago Larghi,5.0,0.0,0.0,0.0,0.0,0,1,0
6092,2018,2018-08-26,21,Corinthians,Osmar Loss,8.0,1.0,1.0,0.0,1.0,0,0,1
6093,2018,2018-08-26,21,Cruzeiro,Mano Menezes,7.0,2.0,3.0,1.0,1.0,0,0,1
6094,2018,2018-08-26,21,Botafogo,Zé Ricardo,15.0,2.0,2.0,0.0,2.0,0,0,1
6095,2018,2018-08-26,21,São Paulo,Diego Aguirre,1.0,1.0,1.0,0.0,1.0,0,0,1
6098,2018,2018-08-26,21,Internacional,Odair Hellmann,2.0,0.0,0.0,0.0,0.0,0,1,0
6101,2018,2018-09-01,22,Grêmio,Renato Gaúcho,5.0,4.0,4.0,0.0,4.0,0,0,1
6103,2018,2018-09-02,22,Corinthians,Osmar Loss,8.0,1.0,2.0,1.0,0.0,0,1,0
6104,2018,2018-09-02,22,Flamengo,Maurício Barbieri,3.0,0.0,1.0,1.0,-1.0,1,0,0
6106,2018,2018-09-02,22,São Paulo,Diego Aguirre,1.0,1.0,2.0,1.0,0.0,0,1,0
6107,2018,2018-09-02,22,Sport Recife,Eduardo Baptista,18.0,1.0,1.0,0.0,1.0,0,0,1
6108,2018,2018-09-03,22,Cruzeiro,Mano Menezes,7.0,0.0,0.0,0.0,0.0,0,1,0
6111,2018,2018-09-06,23,Botafogo,Zé Ricardo,16.0,1.0,2.0,1.0,0.0,0,1,0
6114,2018,2018-09-06,23,Palmeiras,Luiz Felipe Scolari,5.0,2.0,2.0,0.0,2.0,0,0,1
6115,2018,2018-09-06,23,Atlético-MG,Thiago Larghi,6.0,1.0,1.0,0.0,1.0,0,0,1
6116,2018,2018-09-06,23,Internacional,Odair Hellmann,2.0,2.0,3.0,1.0,1.0,0,0,1
6120,2018,2018-09-08,24,Sport Recife,Eduardo Baptista,18.0,0.0,0.0,0.0,0.0,0,1,0
6121,2018,2018-09-09,24,São Paulo,Diego Aguirre,2.0,1.0,1.0,0.0,1.0,0,0,1
6122,2018,2018-09-09,24,Flamengo,Maurício Barbieri,4.0,2.0,2.0,0.0,2.0,0,0,1
6125,2018,2018-09-09,24,Palmeiras,Luiz Felipe Scolari,3.0,1.0,1.0,0.0,1.0,0,0,1
6126,2018,2018-09-09,24,Internacional,Odair Hellmann,1.0,1.0,1.0,0.0,1.0,0,0,1
6129,2018,2018-09-11,24,Atlético-MG,Thiago Larghi,6.0,3.0,4.0,1.0,2.0,0,0,1
6131,2018,2018-09-15,25,Grêmio,Renato Gaúcho,6.0,2.0,2.0,0.0,2.0,0,0,1
6133,2018,2018-09-16,25,Botafogo,Zé Ricardo,15.0,1.0,1.0,0.0,1.0,0,0,1
6134,2018,2018-09-16,25,Cruzeiro,Mano Menezes,7.0,0.0,0.0,0.0,0.0,0,1,0
6138,2018,2018-09-17,25,Corinthians,Jair Ventura,10.0,2.0,3.0,1.0,1.0,0,0,1
6140,2018,2018-09-22,26,São Paulo,Diego Aguirre,1.0,1.0,2.0,1.0,0.0,0,1,0
6141,2018,2018-09-23,26,Grêmio,Renato Gaúcho,5.0,3.0,5.0,2.0,1.0,0,0,1
6143,2018,2018-09-23,26,Flamengo,Maurício Barbieri,4.0,2.0,3.0,1.0,1.0,0,0,1
6144,2018,2018-09-23,26,Corinthians,Jair Ventura,8.0,1.0,2.0,1.0,0.0,0,1,0
6146,2018,2018-09-23,26,Sport Recife,Eduardo Baptista,19.0,0.0,1.0,1.0,-1.0,1,0,0
6147,2018,2018-09-24,26,Cruzeiro,Mano Menezes,7.0,2.0,3.0,1.0,1.0,0,0,1
6153,2018,2018-09-30,27,Palmeiras,Luiz Felipe Scolari,2.0,3.0,4.0,1.0,2.0,0,0,1
6154,2018,2018-09-30,27,Atlético-MG,Thiago Larghi,6.0,5.0,7.0,2.0,3.0,0,0,1
6155,2018,2018-09-30,27,Botafogo,Zé Ricardo,12.0,2.0,4.0,2.0,0.0,0,1,0
6157,2018,2018-09-30,27,Internacional,Odair Hellmann,3.0,2.0,3.0,1.0,1.0,0,0,1
6160,2018,2018-10-06,28,Sport Recife,Milton Mendes,19.0,2.0,3.0,1.0,1.0,0,0,1
6161,2018,2018-10-06,28,Corinthians,Jair Ventura,9.0,0.0,3.0,3.0,-3.0,1,0,0
6165,2018,2018-10-06,28,São Paulo,Diego Aguirre,3.0,0.0,2.0,2.0,-2.0,1,0,0
6166,2018,2018-10-07,28,Grêmio,Renato Gaúcho,4.0,2.0,4.0,2.0,0.0,0,1,0
6168,2018,2018-10-10,28,Botafogo,Zé Ricardo,12.0,1.0,2.0,1.0,0.0,0,1,0
6169,2018,2018-10-25,28,Cruzeiro,Mano Menezes,7.0,0.0,2.0,2.0,-2.0,1,0,0
6170,2018,2018-10-13,29,Flamengo,Dorival Júnior,3.0,3.0,3.0,0.0,3.0,0,0,1
6175,2018,2018-10-14,29,Palmeiras,Luiz Felipe Scolari,1.0,2.0,2.0,0.0,2.0,0,0,1
6176,2018,2018-10-14,29,Internacional,Odair Hellmann,2.0,3.0,4.0,1.0,2.0,0,0,1
6177,2018,2018-10-15,29,Atlético-MG,Thiago Larghi,6.0,0.0,0.0,0.0,0.0,0,1,0
6181,2018,2018-10-20,30,Botafogo,Zé Ricardo,12.0,0.0,1.0,1.0,-1.0,1,0,0
6182,2018,2018-10-21,30,São Paulo,Diego Aguirre,4.0,0.0,0.0,0.0,0.0,0,1,0
6183,2018,2018-10-21,30,Sport Recife,Milton Mendes,19.0,2.0,3.0,1.0,1.0,0,0,1
6186,2018,2018-10-21,30,Palmeiras,Luiz Felipe Scolari,1.0,2.0,3.0,1.0,1.0,0,0,1
6187,2018,2018-10-22,30,Cruzeiro,Mano Menezes,10.0,3.0,3.0,0.0,3.0,0,0,1
6189,2018,2018-10-23,30,Internacional,Odair Hellmann,2.0,2.0,4.0,2.0,0.0,0,1,0
6193,2018,2018-10-27,31,Grêmio,Renato Gaúcho,5.0,3.0,7.0,4.0,-1.0,1,0,0
6195,2018,2018-10-28,31,Flamengo,Dorival Júnior,2.0,1.0,2.0,1.0,0.0,0,1,0
6196,2018,2018-10-28,31,Corinthians,Jair Ventura,12.0,2.0,3.0,1.0,1.0,0,0,1
6197,2018,2018-10-28,31,Cruzeiro,Mano Menezes,10.0,3.0,4.0,1.0,2.0,0,0,1
6200,2018,2018-11-03,32,Atlético-MG,Levir Culpi,6.0,0.0,1.0,1.0,-1.0,1,0,0
6202,2018,2018-11-03,32,Palmeiras,Luiz Felipe Scolari,1.0,3.0,5.0,2.0,1.0,0,0,1
6205,2018,2018-11-04,32,Botafogo,Zé Ricardo,15.0,1.0,1.0,0.0,1.0,0,0,1
6206,2018,2018-11-04,32,São Paulo,Diego Aguirre,4.0,2.0,4.0,2.0,0.0,0,1,0
6208,2018,2018-11-04,32,Internacional,Odair Hellmann,3.0,2.0,3.0,1.0,1.0,0,0,1
6209,2018,2018-11-05,32,Sport Recife,Milton Mendes,18.0,1.0,1.0,0.0,1.0,0,0,1
6211,2018,2018-11-10,33,Corinthians,Jair Ventura,12.0,1.0,2.0,1.0,0.0,0,1,0
6213,2018,2018-11-10,33,Botafogo,Zé Ricardo,14.0,2.0,3.0,1.0,1.0,0,0,1
6214,2018,2018-11-11,33,Atlético-MG,Levir Culpi,6.0,1.0,2.0,1.0,0.0,0,1,0
6217,2018,2018-11-11,33,Grêmio,Renato Gaúcho,5.0,2.0,3.0,1.0,1.0,0,0,1
6223,2018,2018-11-15,34,Cruzeiro,Mano Menezes,9.0,1.0,1.0,0.0,1.0,0,0,1
6224,2018,2018-11-15,34,Sport Recife,Milton Mendes,16.0,0.0,0.0,0.0,0.0,0,1,0
6225,2018,2018-11-15,34,Palmeiras,Luiz Felipe Scolari,1.0,3.0,3.0,0.0,3.0,0,0,1
6227,2018,2018-11-15,34,Flamengo,Dorival Júnior,3.0,1.0,1.0,0.0,1.0,0,0,1
6228,2018,2018-11-15,34,São Paulo,André Jardine,5.0,1.0,2.0,1.0,0.0,0,1,0
6229,2018,2018-11-16,34,Internacional,Odair Hellmann,2.0,2.0,2.0,0.0,2.0,0,0,1
6231,2018,2018-11-17,35,Corinthians,Jair Ventura,13.0,1.0,1.0,0.0,1.0,0,0,1
6232,2018,2018-11-18,35,Atlético-MG,Levir Culpi,6.0,1.0,1.0,0.0,1.0,0,0,1
6235,2018,2018-11-18,35,Botafogo,Zé Ricardo,11.0,1.0,1.0,0.0,1.0,0,0,1
6236,2018,2018-11-18,35,Sport Recife,Milton Mendes,15.0,0.0,1.0,1.0,-1.0,1,0,0
6237,2018,2018-11-18,35,São Paulo,André Jardine,5.0,1.0,1.0,0.0,1.0,0,0,1
6238,2018,2018-11-18,35,Grêmio,Renato Gaúcho,4.0,2.0,2.0,0.0,2.0,0,0,1
6240,2018,2018-11-21,36,Internacional,Odair Hellmann,3.0,1.0,3.0,2.0,-1.0,1,0,0
6242,2018,2018-11-22,36,Cruzeiro,Mano Menezes,8.0,3.0,3.0,0.0,3.0,0,0,1
6244,2018,2018-11-22,36,Flamengo,Dorival Júnior,2.0,2.0,2.0,0.0,2.0,0,0,1
6245,2018,2018-11-22,36,Palmeiras,Luiz Felipe Scolari,1.0,4.0,4.0,0.0,4.0,0,0,1
6251,2018,2018-11-25,37,Cruzeiro,Mano Menezes,8.0,0.0,2.0,2.0,-2.0,1,0,0
6256,2018,2018-11-25,37,Corinthians,Jair Ventura,12.0,0.0,0.0,0.0,0.0,0,1,0
6257,2018,2018-11-25,37,Internacional,Odair Hellmann,3.0,2.0,2.0,0.0,2.0,0,0,1
6258,2018,2018-11-26,37,Botafogo,Zé Ricardo,9.0,2.0,3.0,1.0,1.0,0,0,1
6259,2018,2018-11-26,37,São Paulo,André Jardine,5.0,0.0,0.0,0.0,0.0,0,1,0
6260,2018,2018-12-01,38,Atlético-MG,Levir Culpi,6.0,1.0,1.0,0.0,1.0,0,0,1
6261,2018,2018-12-01,38,Flamengo,Dorival Júnior,2.0,1.0,3.0,2.0,-1.0,1,0,0
6267,2018,2018-12-02,38,Sport Recife,Milton Mendes,18.0,2.0,3.0,1.0,1.0,0,0,1
6268,2018,2018-12-02,38,Palmeiras,Luiz Felipe Scolari,1.0,3.0,5.0,2.0,1.0,0,0,1
6269,2018,2018-12-02,38,Grêmio,Renato Gaúcho,4.0,1.0,1.0,0.0,1.0,0,0,1
6270,2019,2019-04-27,1,São Paulo,Cuca,5.0,2.0,2.0,0.0,2.0,0,0,1
6271,2019,2019-04-28,1,Atlético-MG,Rodrigo Santana,8.0,2.0,3.0,1.0,1.0,0,0,1
6273,2019,2019-04-28,1,Flamengo,Abel Braga,4.0,3.0,4.0,1.0,2.0,0,0,1
6274,2019,2019-04-28,1,Grêmio,Renato Gaúcho,12.0,1.0,3.0,2.0,-1.0,1,0,0
6278,2019,2019-04-29,1,Palmeiras,Luiz Felipe Scolari,1.0,4.0,4.0,0.0,4.0,0,0,1
6281,2019,2019-05-01,2,Corinthians,Fábio Carille,11.0,1.0,1.0,0.0,1.0,0,0,1
6282,2019,2019-05-01,2,Internacional,Odair Hellmann,16.0,2.0,3.0,1.0,1.0,0,0,1
6283,2019,2019-05-02,2,Cruzeiro,Mano Menezes,15.0,1.0,1.0,0.0,1.0,0,0,1
6289,2019,2019-05-03,2,Botafogo,Eduardo Barroca,17.0,3.0,5.0,2.0,1.0,0,0,1
6290,2019,2019-05-05,3,Palmeiras,Luiz Felipe Scolari,4.0,1.0,1.0,0.0,1.0,0,0,1
6294,2019,2019-05-05,3,São Paulo,Cuca,1.0,1.0,2.0,1.0,0.0,0,1,0
6295,2019,2019-05-05,3,Botafogo,Eduardo Barroca,12.0,1.0,1.0,0.0,1.0,0,0,1
6297,2019,2019-05-05,3,Cruzeiro,Mano Menezes,14.0,2.0,3.0,1.0,1.0,0,0,1
6298,2019,2019-05-06,3,Grêmio,Renato Gaúcho,16.0,4.0,9.0,5.0,-1.0,1,0,0
6301,2019,2019-05-12,4,Corinthians,Fábio Carille,11.0,0.0,0.0,0.0,0.0,0,1,0
6303,2019,2019-05-12,4,Flamengo,Abel Braga,9.0,2.0,3.0,1.0,1.0,0,0,1
6304,2019,2019-05-12,4,Internacional,Odair Hellmann,15.0,3.0,4.0,1.0,2.0,0,0,1
6306,2019,2019-05-12,4,Atlético-MG,Rodrigo Santana,1.0,0.0,2.0,2.0,-2.0,1,0,0
6311,2019,2019-05-19,5,Atlético-MG,Rodrigo Santana,4.0,2.0,3.0,1.0,1.0,0,0,1
6312,2019,2019-05-19,5,Palmeiras,Luiz Felipe Scolari,1.0,4.0,4.0,0.0,4.0,0,0,1
6313,2019,2019-05-19,5,São Paulo,Cuca,3.0,0.0,0.0,0.0,0.0,0,1,0
6317,2019,2019-05-19,5,Internacional,Odair Hellmann,9.0,2.0,2.0,0.0,2.0,0,0,1
6320,2019,2019-05-25,6,Botafogo,Eduardo Barroca,7.0,0.0,1.0,1.0,-1.0,1,0,0
6321,2019,2019-05-26,6,Grêmio,Renato Gaúcho,19.0,1.0,1.0,0.0,1.0,0,0,1
6323,2019,2019-05-26,6,Flamengo,Abel Braga,9.0,3.0,5.0,2.0,1.0,0,0,1
6325,2019,2019-05-27,6,Corinthians,Fábio Carille,8.0,1.0,1.0,0.0,1.0,0,0,1
6326,2019,2019-05-27,6,Cruzeiro,Mano Menezes,15.0,1.0,3.0,2.0,-1.0,1,0,0
6330,2019,2019-06-01,7,Flamengo,Marcelo Salles,6.0,2.0,2.0,0.0,2.0,0,0,1
6332,2019,2019-06-02,7,Botafogo,Eduardo Barroca,11.0,1.0,1.0,0.0,1.0,0,0,1
6334,2019,2019-06-02,7,São Paulo,Cuca,4.0,1.0,2.0,1.0,0.0,0,1,0
6337,2019,2019-06-03,7,Atlético-MG,Rodrigo Santana,2.0,4.0,4.0,0.0,4.0,0,0,1
6338,2019,2019-06-03,7,Internacional,Odair Hellmann,7.0,2.0,2.0,0.0,2.0,0,0,1
6339,2019,2019-08-08,7,Corinthians,Fábio Carille,3.0,2.0,2.0,0.0,2.0,0,0,1
6341,2019,2019-06-08,8,Palmeiras,Luiz Felipe Scolari,1.0,1.0,1.0,0.0,1.0,0,0,1
6342,2019,2019-06-09,8,Grêmio,Renato Gaúcho,18.0,1.0,1.0,0.0,1.0,0,0,1
6343,2019,2019-06-09,8,Cruzeiro,Mano Menezes,15.0,0.0,0.0,0.0,0.0,0,1,0
6350,2019,2019-06-13,9,Botafogo,Eduardo Barroca,4.0,0.0,1.0,1.0,-1.0,1,0,0
6352,2019,2019-06-13,9,Internacional,Odair Hellmann,8.0,3.0,4.0,1.0,2.0,0,0,1
6356,2019,2019-06-14,9,Atlético-MG,Rodrigo Santana,3.0,1.0,2.0,1.0,0.0,0,1,0
6358,2019,2019-06-14,9,Palmeiras,Luiz Felipe Scolari,1.0,2.0,2.0,0.0,2.0,0,0,1
6360,2019,2019-07-13,10,Grêmio,Renato Gaúcho,11.0,2.0,3.0,1.0,1.0,0,0,1
6362,2019,2019-07-14,10,São Paulo,Cuca,10.0,1.0,2.0,1.0,0.0,0,1,0
6364,2019,2019-07-14,10,Flamengo,Jorge Jesus,3.0,6.0,7.0,1.0,5.0,0,0,1
6365,2019,2019-07-14,10,Cruzeiro,Mano Menezes,18.0,0.0,0.0,0.0,0.0,0,1,0
6366,2019,2019-07-14,10,Corinthians,Fábio Carille,8.0,1.0,1.0,0.0,1.0,0,0,1
6372,2019,2019-07-21,11,Internacional,Odair Hellmann,6.0,1.0,2.0,1.0,0.0,0,1,0
6375,2019,2019-07-21,11,Botafogo,Eduardo Barroca,7.0,0.0,1.0,1.0,-1.0,1,0,0
6376,2019,2019-07-21,11,Atlético-MG,Rodrigo Santana,4.0,2.0,4.0,2.0,0.0,0,1,0
6377,2019,2019-07-21,11,Corinthians,Fábio Carille,5.0,1.0,2.0,1.0,0.0,0,1,0
6379,2019,2019-07-23,11,São Paulo,Cuca,9.0,4.0,4.0,0.0,4.0,0,0,1
6380,2019,2019-07-27,12,Palmeiras,Luiz Felipe Scolari,1.0,1.0,2.0,1.0,0.0,0,1,0
6382,2019,2019-07-28,12,Internacional,Odair Hellmann,7.0,1.0,1.0,0.0,1.0,0,0,1
6383,2019,2019-07-28,12,Cruzeiro,Mano Menezes,16.0,0.0,2.0,2.0,-2.0,1,0,0
6386,2019,2019-07-28,12,Flamengo,Jorge Jesus,3.0,3.0,5.0,2.0,1.0,0,0,1
6396,2019,2019-08-05,13,Atlético-MG,Rodrigo Santana,5.0,2.0,2.0,0.0,2.0,0,0,1
6397,2019,2019-08-05,13,Corinthians,Fábio Carille,4.0,1.0,2.0,1.0,0.0,0,1,0
6398,2019,2019-08-06,13,Grêmio,Renato Gaúcho,11.0,3.0,6.0,3.0,0.0,0,1,0
6401,2019,2019-08-10,14,São Paulo,Cuca,5.0,3.0,5.0,2.0,1.0,0,0,1
6402,2019,2019-08-11,14,Flamengo,Jorge Jesus,3.0,3.0,4.0,1.0,2.0,0,0,1
6403,2019,2019-08-11,14,Atlético-MG,Rodrigo Santana,4.0,2.0,3.0,1.0,1.0,0,0,1
6404,2019,2019-08-11,14,Internacional,Odair Hellmann,7.0,0.0,0.0,0.0,0.0,0,1,0
6405,2019,2019-08-11,14,Palmeiras,Luiz Felipe Scolari,2.0,2.0,4.0,2.0,0.0,0,1,0
6406,2019,2019-08-11,14,Botafogo,Eduardo Barroca,9.0,2.0,3.0,1.0,1.0,0,0,1
6411,2019,2019-08-17,15,Corinthians,Fábio Carille,6.0,2.0,2.0,0.0,2.0,0,0,1
6415,2019,2019-08-18,15,Grêmio,Renato Gaúcho,14.0,1.0,2.0,1.0,0.0,0,1,0
6416,2019,2019-08-18,15,Cruzeiro,Rogério Ceni,17.0,2.0,2.0,0.0,2.0,0,0,1
6417,2019,2019-08-18,15,São Paulo,Cuca,5.0,1.0,1.0,0.0,1.0,0,0,1
6420,2019,2019-08-24,16,Atlético-MG,Rodrigo Santana,5.0,0.0,1.0,1.0,-1.0,1,0,0
6421,2019,2019-08-24,16,Grêmio,Renato Gaúcho,13.0,2.0,3.0,1.0,1.0,0,0,1
6428,2019,2019-08-27,16,Botafogo,Eduardo Barroca,9.0,0.0,0.0,0.0,0.0,0,1,0
6429,2019,2019-09-11,16,Palmeiras,Mano Menezes,3.0,3.0,3.0,0.0,3.0,0,0,1
6430,2019,2019-08-31,17,São Paulo,Cuca,4.0,0.0,0.0,0.0,0.0,0,1,0
6434,2019,2019-09-01,17,Internacional,Odair Hellmann,7.0,3.0,5.0,2.0,1.0,0,0,1
6435,2019,2019-09-01,17,Flamengo,Jorge Jesus,1.0,3.0,3.0,0.0,3.0,0,0,1
6437,2019,2019-09-02,17,Corinthians,Fábio Carille,5.0,1.0,1.0,0.0,1.0,0,0,1
6438,2019,2019-09-02,17,Cruzeiro,Rogério Ceni,16.0,1.0,1.0,0.0,1.0,0,0,1
6441,2019,2019-09-07,18,Corinthians,Fábio Carille,4.0,2.0,4.0,2.0,0.0,0,1,0
6444,2019,2019-09-08,18,Internacional,Odair Hellmann,6.0,1.0,1.0,0.0,1.0,0,0,1
6446,2019,2019-09-08,18,Cruzeiro,Rogério Ceni,16.0,1.0,5.0,4.0,-3.0,1,0,0
6447,2019,2019-09-08,18,Botafogo,Eduardo Barroca,10.0,2.0,3.0,1.0,1.0,0,0,1
6450,2019,2019-09-14,19,Flamengo,Jorge Jesus,1.0,1.0,1.0,0.0,1.0,0,0,1
6452,2019,2019-09-15,19,Palmeiras,Mano Menezes,3.0,1.0,1.0,0.0,1.0,0,0,1
6455,2019,2019-09-15,19,Atlético-MG,Rodrigo Santana,8.0,1.0,4.0,3.0,-2.0,1,0,0
6456,2019,2019-09-15,19,Grêmio,Renato Gaúcho,11.0,3.0,3.0,0.0,3.0,0,0,1
6459,2019,2019-09-16,19,São Paulo,Cuca,5.0,1.0,2.0,1.0,0.0,0,1,0
6460,2019,2019-09-21,20,Botafogo,Eduardo Barroca,10.0,1.0,3.0,2.0,-1.0,1,0,0
6461,2019,2019-09-21,20,Cruzeiro,Rogério Ceni,17.0,1.0,3.0,2.0,-1.0,1,0,0
6462,2019,2019-09-22,20,Corinthians,Fábio Carille,5.0,2.0,3.0,1.0,1.0,0,0,1
6464,2019,2019-09-22,20,Internacional,Odair Hellmann,4.0,1.0,1.0,0.0,1.0,0,0,1
6472,2019,2019-09-26,21,Flamengo,Jorge Jesus,1.0,3.0,4.0,1.0,2.0,0,0,1
6473,2019,2019-09-26,21,São Paulo,Cuca,6.0,0.0,1.0,1.0,-1.0,1,0,0
6474,2019,2019-09-27,21,Palmeiras,Mano Menezes,2.0,6.0,8.0,2.0,4.0,0,0,1
6476,2019,2019-09-27,21,Grêmio,Renato Gaúcho,7.0,6.0,7.0,1.0,5.0,0,0,1
6478,2019,2019-10-03,21,Atlético-MG,Rodrigo Santana,10.0,1.0,3.0,2.0,-1.0,1,0,0
6480,2019,2019-09-29,22,Flamengo,Jorge Jesus,1.0,0.0,0.0,0.0,0.0,0,1,0
6481,2019,2019-09-29,22,Corinthians,Fábio Carille,4.0,1.0,1.0,0.0,1.0,0,0,1
6482,2019,2019-09-29,22,Internacional,Odair Hellmann,5.0,1.0,2.0,1.0,0.0,0,1,0
6485,2019,2019-09-30,22,Atlético-MG,Rodrigo Santana,10.0,2.0,3.0,1.0,1.0,0,0,1
6490,2019,2019-10-05,23,São Paulo,Fernando Diniz,7.0,2.0,3.0,1.0,1.0,0,0,1
6492,2019,2019-10-06,23,Grêmio,Renato Gaúcho,8.0,0.0,0.0,0.0,0.0,0,1,0
6494,2019,2019-10-06,23,Cruzeiro,Abel Braga,17.0,1.0,2.0,1.0,0.0,0,1,0
6496,2019,2019-10-06,23,Palmeiras,Mano Menezes,2.0,1.0,2.0,1.0,0.0,0,1,0
6497,2019,2019-10-06,23,Botafogo,Eduardo Barroca,12.0,0.0,1.0,1.0,-1.0,1,0,0
6500,2019,2019-10-10,24,Botafogo,Bruno Lazaroni,12.0,3.0,4.0,1.0,2.0,0,0,1
6503,2019,2019-10-10,24,Grêmio,Renato Gaúcho,8.0,2.0,3.0,1.0,1.0,0,0,1
6505,2019,2019-10-10,24,Cruzeiro,Abel Braga,18.0,0.0,0.0,0.0,0.0,0,1,0
6507,2019,2019-10-11,24,Corinthians,Fábio Carille,4.0,2.0,4.0,2.0,0.0,0,1,0
6509,2019,2019-10-11,24,Flamengo,Jorge Jesus,1.0,3.0,4.0,1.0,2.0,0,0,1
6512,2019,2019-10-13,25,Palmeiras,Mano Menezes,3.0,1.0,1.0,0.0,1.0,0,0,1
6513,2019,2019-10-13,25,Internacional,Ricardo Colbachini,6.0,0.0,0.0,0.0,0.0,0,1,0
6517,2019,2019-10-13,25,São Paulo,Fernando Diniz,5.0,1.0,1.0,0.0,1.0,0,0,1
6519,2019,2019-10-14,25,Atlético-MG,Rodrigo Santana,11.0,1.0,5.0,4.0,-3.0,1,0,0
6520,2019,2019-10-17,26,Grêmio,Renato Gaúcho,6.0,0.0,1.0,1.0,-1.0,1,0,0
6523,2019,2019-10-17,26,Cruzeiro,Abel Braga,18.0,1.0,1.0,0.0,1.0,0,0,1
6524,2019,2019-10-17,26,Palmeiras,Mano Menezes,2.0,1.0,1.0,0.0,1.0,0,0,1
6531,2019,2019-10-20,27,Corinthians,Fábio Carille,4.0,1.0,3.0,2.0,-1.0,1,0,0
6532,2019,2019-10-20,27,Atlético-MG,Vágner Mancini,12.0,2.0,2.0,0.0,2.0,0,0,1
6533,2019,2019-10-20,27,Internacional,Ricardo Colbachini,6.0,0.0,1.0,1.0,-1.0,1,0,0
6534,2019,2019-10-20,27,São Paulo,Fernando Diniz,5.0,1.0,1.0,0.0,1.0,0,0,1
6535,2019,2019-10-20,27,Flamengo,Jorge Jesus,1.0,2.0,2.0,0.0,2.0,0,0,1
6539,2019,2019-10-22,27,Botafogo,Alberto Valentim,13.0,2.0,3.0,1.0,1.0,0,0,1
6540,2019,2019-10-26,28,Corinthians,Fábio Carille,5.0,0.0,0.0,0.0,0.0,0,1,0
6544,2019,2019-10-27,28,Cruzeiro,Abel Braga,17.0,1.0,2.0,1.0,0.0,0,1,0
6545,2019,2019-10-27,28,São Paulo,Fernando Diniz,4.0,2.0,2.0,0.0,2.0,0,0,1
6547,2019,2019-10-27,28,Grêmio,Renato Gaúcho,7.0,3.0,3.0,0.0,3.0,0,0,1
6549,2019,2019-10-27,28,Flamengo,Jorge Jesus,1.0,1.0,1.0,0.0,1.0,0,0,1
6550,2019,2019-10-30,29,Atlético-MG,Vágner Mancini,12.0,0.0,2.0,2.0,-2.0,1,0,0
6551,2019,2019-10-30,29,Palmeiras,Mano Menezes,2.0,3.0,3.0,0.0,3.0,0,0,1
6558,2019,2019-11-01,29,Internacional,Zé Ricardo,5.0,1.0,2.0,1.0,0.0,0,1,0
6559,2019,2019-11-01,29,Botafogo,Alberto Valentim,13.0,0.0,2.0,2.0,-2.0,1,0,0
6561,2019,2019-11-02,30,Palmeiras,Mano Menezes,2.0,1.0,1.0,0.0,1.0,0,0,1
6564,2019,2019-11-03,30,Flamengo,Jorge Jesus,1.0,4.0,5.0,1.0,3.0,0,0,1
6565,2019,2019-11-03,30,Grêmio,Renato Gaúcho,5.0,2.0,2.0,0.0,2.0,0,0,1
6567,2019,2019-11-03,30,Cruzeiro,Abel Braga,16.0,1.0,2.0,1.0,0.0,0,1,0
6574,2019,2019-11-06,31,Corinthians,Coelho,8.0,3.0,5.0,2.0,1.0,0,0,1
6575,2019,2019-11-06,31,Atlético-MG,Vágner Mancini,13.0,2.0,2.0,0.0,2.0,0,0,1
6577,2019,2019-11-07,31,São Paulo,Fernando Diniz,4.0,0.0,2.0,2.0,-2.0,1,0,0
6578,2019,2019-11-07,31,Botafogo,Alberto Valentim,14.0,0.0,1.0,1.0,-1.0,1,0,0
6579,2019,2019-11-07,31,Grêmio,Renato Gaúcho,5.0,2.0,3.0,1.0,1.0,0,0,1
6581,2019,2019-11-09,32,Palmeiras,Mano Menezes,2.0,1.0,2.0,1.0,0.0,0,1,0
6582,2019,2019-11-10,32,Internacional,Zé Ricardo,8.0,2.0,3.0,1.0,1.0,0,0,1
6583,2019,2019-11-10,32,Cruzeiro,Abel Braga,16.0,0.0,0.0,0.0,0.0,0,1,0
6584,2019,2019-11-10,32,São Paulo,Fernando Diniz,5.0,0.0,1.0,1.0,-1.0,1,0,0
6585,2019,2019-11-10,32,Flamengo,Jorge Jesus,1.0,3.0,4.0,1.0,2.0,0,0,1
6589,2019,2019-11-11,32,Botafogo,Alberto Valentim,17.0,2.0,2.0,0.0,2.0,0,0,1
6595,2019,2019-11-17,33,Grêmio,Renato Gaúcho,4.0,0.0,1.0,1.0,-1.0,1,0,0
6596,2019,2019-11-17,33,Corinthians,Coelho,8.0,0.0,0.0,0.0,0.0,0,1,0
6599,2019,2019-11-18,33,Cruzeiro,Abel Braga,16.0,0.0,0.0,0.0,0.0,0,1,0
6600,2019,2019-11-14,34,Flamengo,Jorge Jesus,1.0,4.0,8.0,4.0,0.0,0,1,0
6603,2019,2019-11-24,34,Atlético-MG,Vágner Mancini,13.0,0.0,1.0,1.0,-1.0,1,0,0
6604,2019,2019-11-24,34,Palmeiras,Mano Menezes,2.0,1.0,3.0,2.0,-1.0,1,0,0
6605,2019,2019-11-24,34,Botafogo,Alberto Valentim,14.0,1.0,1.0,0.0,1.0,0,0,1
6607,2019,2019-11-24,34,Internacional,Zé Ricardo,7.0,2.0,4.0,2.0,0.0,0,1,0
6611,2019,2019-11-27,35,Internacional,Zé Ricardo,7.0,1.0,3.0,2.0,-1.0,1,0,0
6614,2019,2019-11-27,35,Corinthians,Coelho,8.0,3.0,3.0,0.0,3.0,0,0,1
6615,2019,2019-11-27,35,Flamengo,Jorge Jesus,1.0,4.0,5.0,1.0,3.0,0,0,1
6618,2019,2019-11-28,35,São Paulo,Fernando Diniz,6.0,1.0,1.0,0.0,1.0,0,0,1
6619,2019,2019-11-28,35,Cruzeiro,Abel Braga,17.0,0.0,1.0,1.0,-1.0,1,0,0
6620,2019,2019-11-30,36,Botafogo,Alberto Valentim,13.0,0.0,1.0,1.0,-1.0,1,0,0
6622,2019,2019-12-01,36,Palmeiras,Mano Menezes,3.0,1.0,4.0,3.0,-2.0,1,0,0
6625,2019,2019-12-01,36,Atlético-MG,Vágner Mancini,14.0,2.0,3.0,1.0,1.0,0,0,1
6626,2019,2019-12-01,36,Grêmio,Renato Gaúcho,4.0,3.0,3.0,0.0,3.0,0,0,1
6631,2019,2019-12-04,37,Atlético-MG,Vágner Mancini,13.0,2.0,2.0,0.0,2.0,0,0,1
6634,2019,2019-12-04,37,São Paulo,Fernando Diniz,6.0,2.0,3.0,1.0,1.0,0,0,1
6636,2019,2019-12-05,37,Palmeiras,Andrey Lopes,3.0,5.0,6.0,1.0,4.0,0,0,1
6638,2019,2019-12-05,37,Grêmio,Renato Gaúcho,4.0,2.0,2.0,0.0,2.0,0,0,1
6639,2019,2019-12-05,37,Flamengo,Jorge Jesus,1.0,6.0,7.0,1.0,5.0,0,0,1
6640,2019,2019-12-08,38,Internacional,Zé Ricardo,8.0,2.0,3.0,1.0,1.0,0,0,1
6641,2019,2019-12-08,38,Cruzeiro,Adilson Batista,17.0,0.0,2.0,2.0,-2.0,1,0,0
6643,2019,2019-12-08,38,Corinthians,Coelho,7.0,1.0,3.0,2.0,-1.0,1,0,0
6646,2019,2019-12-08,38,Botafogo,Alberto Valentim,15.0,1.0,2.0,1.0,0.0,0,1,0
6651,2020,2020-08-09,1,Sport Recife,Daniel Paulista,3.0,3.0,5.0,2.0,1.0,0,0,1
6652,2020,2020-08-09,1,Flamengo,Domènec Torrent,16.0,0.0,1.0,1.0,-1.0,1,0,0
6654,2020,2020-08-10,1,Grêmio,Renato Gaúcho,5.0,1.0,1.0,0.0,1.0,0,0,1
6656,2020,2020-10-01,1,Botafogo,Paulo Autuori,15.0,1.0,3.0,2.0,-1.0,1,0,0
6657,2020,2020-10-01,1,Corinthians,Coelho,12.0,0.0,0.0,0.0,0.0,0,1,0
6659,2020,2021-01-27,1,Palmeiras,Abel Ferreira,9.0,1.0,2.0,1.0,0.0,0,1,0
6660,2020,2020-08-12,2,Atlético-MG,Jorge Sampaoli,7.0,3.0,5.0,2.0,1.0,0,0,1
6667,2020,2020-08-14,2,São Paulo,Fernando Diniz,1.0,1.0,1.0,0.0,1.0,0,0,1
6668,2020,2020-08-14,2,Internacional,Eduardo Coudet,6.0,2.0,2.0,0.0,2.0,0,0,1
6670,2020,2020-08-16,3,Grêmio,Renato Gaúcho,8.0,0.0,0.0,0.0,0.0,0,1,0
6672,2020,2020-08-16,3,Palmeiras,Vanderlei Luxemburgo,10.0,1.0,2.0,1.0,0.0,0,1,0
6673,2020,2020-08-16,3,Atlético-MG,Jorge Sampaoli,4.0,2.0,2.0,0.0,2.0,0,0,1
6680,2020,2020-08-20,4,Flamengo,Domènec Torrent,12.0,1.0,2.0,1.0,0.0,0,1,0
6683,2020,2020-08-20,4,Internacional,Eduardo Coudet,5.0,3.0,3.0,0.0,3.0,0,0,1
6685,2020,2020-08-20,4,Botafogo,Paulo Autuori,16.0,2.0,3.0,1.0,1.0,0,0,1
6686,2020,2020-08-20,4,Corinthians,Tiago Nunes,15.0,3.0,4.0,1.0,2.0,0,0,1
6687,2020,2020-08-21,4,Sport Recife,Daniel Paulista,11.0,0.0,1.0,1.0,-1.0,1,0,0
6688,2020,2020-08-21,4,São Paulo,Fernando Diniz,4.0,1.0,2.0,1.0,0.0,0,1,0
6691,2020,2020-08-23,5,Internacional,Eduardo Coudet,3.0,1.0,1.0,0.0,1.0,0,0,1
6693,2020,2020-08-23,5,Flamengo,Domènec Torrent,17.0,1.0,2.0,1.0,0.0,0,1,0
6695,2020,2020-08-23,5,Palmeiras,Vanderlei Luxemburgo,8.0,2.0,3.0,1.0,1.0,0,0,1
6697,2020,2020-08-24,5,Sport Recife,Daniel Paulista,16.0,0.0,1.0,1.0,-1.0,1,0,0
6699,2020,2020-08-27,5,Corinthians,Tiago Nunes,10.0,1.0,2.0,1.0,0.0,0,1,0
6700,2020,2020-08-29,6,Botafogo,Paulo Autuori,12.0,0.0,2.0,2.0,-2.0,1,0,0
6704,2020,2020-08-30,6,São Paulo,Fernando Diniz,3.0,2.0,3.0,1.0,1.0,0,0,1
6708,2020,2020-11-18,6,Atlético-MG,Jorge Sampaoli,5.0,0.0,2.0,2.0,-2.0,1,0,0
6709,2020,2020-11-30,6,Grêmio,Renato Gaúcho,9.0,2.0,3.0,1.0,1.0,0,0,1
6713,2020,2020-09-03,7,Botafogo,Paulo Autuori,16.0,0.0,0.0,0.0,0.0,0,1,0
6716,2020,2020-09-03,7,Palmeiras,Vanderlei Luxemburgo,6.0,1.0,2.0,1.0,0.0,0,1,0
6718,2020,2020-09-04,7,Grêmio,Renato Gaúcho,7.0,1.0,3.0,2.0,-1.0,1,0,0
6719,2020,2020-09-04,7,Atlético-MG,Jorge Sampaoli,9.0,3.0,3.0,0.0,3.0,0,0,1
6720,2020,2020-09-05,8,Flamengo,Domènec Torrent,6.0,2.0,3.0,1.0,1.0,0,0,1
6721,2020,2020-09-06,8,Corinthians,Tiago Nunes,12.0,2.0,4.0,2.0,0.0,0,1,0
6724,2020,2020-09-06,8,São Paulo,Fernando Diniz,2.0,3.0,4.0,1.0,2.0,0,0,1
6725,2020,2020-09-06,8,Internacional,Eduardo Coudet,1.0,2.0,4.0,2.0,0.0,0,1,0
6728,2020,2020-09-07,8,Sport Recife,Jair Ventura,15.0,2.0,3.0,1.0,1.0,0,0,1
6733,2020,2020-09-10,9,São Paulo,Fernando Diniz,2.0,1.0,2.0,1.0,0.0,0,1,0
6736,2020,2020-09-11,9,Internacional,Eduardo Coudet,1.0,2.0,2.0,0.0,2.0,0,0,1
6737,2020,2020-09-11,9,Corinthians,Tiago Nunes,14.0,0.0,2.0,2.0,-2.0,1,0,0
6743,2020,2020-09-13,10,Grêmio,Renato Gaúcho,8.0,1.0,2.0,1.0,0.0,0,1,0
6745,2020,2020-09-13,10,Atlético-MG,Jorge Sampaoli,5.0,2.0,3.0,1.0,1.0,0,0,1
6748,2020,2020-09-14,10,Palmeiras,Vanderlei Luxemburgo,4.0,2.0,4.0,2.0,0.0,0,1,0
6749,2020,2020-09-14,10,Botafogo,Paulo Autuori,17.0,2.0,5.0,3.0,-1.0,1,0,0
6750,2020,2020-08-27,11,São Paulo,Fernando Diniz,4.0,1.0,1.0,0.0,1.0,0,0,1
6751,2020,2020-09-17,11,Corinthians,Coelho,16.0,3.0,5.0,2.0,1.0,0,0,1
6755,2020,2020-09-20,11,Grêmio,Renato Gaúcho,8.0,1.0,2.0,1.0,0.0,0,1,0
6757,2020,2020-09-20,11,Botafogo,Paulo Autuori,17.0,0.0,0.0,0.0,0.0,0,1,0
6758,2020,2020-09-21,11,Sport Recife,Jair Ventura,15.0,1.0,1.0,0.0,1.0,0,0,1
6759,2020,2020-10-13,11,Flamengo,Domènec Torrent,6.0,2.0,3.0,1.0,1.0,0,0,1
6760,2020,2020-09-24,12,Sport Recife,Jair Ventura,12.0,1.0,1.0,0.0,1.0,0,0,1
6761,2020,2020-09-27,12,Internacional,Eduardo Coudet,3.0,1.0,2.0,1.0,0.0,0,1,0
6763,2020,2020-09-27,12,Atlético-MG,Jorge Sampaoli,1.0,3.0,4.0,1.0,2.0,0,0,1
6765,2020,2020-09-27,12,Palmeiras,Vanderlei Luxemburgo,5.0,1.0,2.0,1.0,0.0,0,1,0
6770,2020,2020-10-03,13,Grêmio,Renato Gaúcho,12.0,1.0,2.0,1.0,0.0,0,1,0
6771,2020,2020-10-04,13,Palmeiras,Vanderlei Luxemburgo,5.0,2.0,3.0,1.0,1.0,0,0,1
6773,2020,2020-10-04,13,Botafogo,Bruno Lazaroni,19.0,1.0,2.0,1.0,0.0,0,1,0
6774,2020,2020-10-04,13,Flamengo,Domènec Torrent,4.0,3.0,4.0,1.0,2.0,0,0,1
6779,2020,2020-10-05,13,Atlético-MG,Jorge Sampaoli,1.0,4.0,5.0,1.0,3.0,0,0,1
6780,2020,2020-10-08,14,Corinthians,Coelho,15.0,1.0,2.0,1.0,0.0,0,1,0
6781,2020,2020-10-08,14,Flamengo,Domènec Torrent,2.0,3.0,3.0,0.0,3.0,0,0,1
6782,2020,2020-10-08,14,Grêmio,Renato Gaúcho,12.0,2.0,3.0,1.0,1.0,0,0,1
6784,2020,2020-10-08,14,São Paulo,Fernando Diniz,3.0,3.0,3.0,0.0,3.0,0,0,1
6786,2020,2020-10-08,14,Botafogo,Bruno Lazaroni,19.0,2.0,3.0,1.0,1.0,0,0,1
6791,2020,2020-10-11,15,Palmeiras,Vanderlei Luxemburgo,5.0,0.0,2.0,2.0,-2.0,1,0,0
6793,2020,2020-10-11,15,Atlético-MG,Jorge Sampaoli,1.0,3.0,3.0,0.0,3.0,0,0,1
6796,2020,2020-10-11,15,Sport Recife,Jair Ventura,8.0,1.0,3.0,2.0,-1.0,1,0,0
6798,2020,2020-10-12,15,Internacional,Eduardo Coudet,4.0,2.0,3.0,1.0,1.0,0,0,1
6800,2020,2020-10-14,16,Palmeiras,Vanderlei Luxemburgo,7.0,1.0,4.0,3.0,-2.0,1,0,0
6801,2020,2020-10-15,16,Grêmio,Renato Gaúcho,10.0,3.0,4.0,1.0,2.0,0,0,1
6803,2020,2020-10-15,16,Atlético-MG,Jorge Sampaoli,1.0,1.0,2.0,1.0,0.0,0,1,0
6804,2020,2020-10-15,16,Sport Recife,Jair Ventura,9.0,3.0,8.0,5.0,-2.0,1,0,0
6806,2020,2020-10-16,16,Flamengo,Domènec Torrent,2.0,1.0,2.0,1.0,0.0,0,1,0
6813,2020,2020-10-18,17,São Paulo,Fernando Diniz,4.0,0.0,0.0,0.0,0.0,0,1,0
6814,2020,2020-10-18,17,Corinthians,Vágner Mancini,15.0,1.0,6.0,5.0,-4.0,1,0,0
6815,2020,2020-10-18,17,Internacional,Eduardo Coudet,2.0,2.0,2.0,0.0,2.0,0,0,1
6819,2020,2020-10-20,17,Botafogo,Bruno Lazaroni,16.0,0.0,0.0,0.0,0.0,0,1,0
6823,2020,2020-10-25,18,Atlético-MG,Jorge Sampaoli,3.0,0.0,0.0,0.0,0.0,0,1,0
6826,2020,2020-10-25,18,Internacional,Eduardo Coudet,1.0,2.0,4.0,2.0,0.0,0,1,0
6829,2020,2020-12-10,18,São Paulo,Fernando Diniz,4.0,4.0,4.0,0.0,4.0,0,0,1
6830,2020,2020-10-31,19,Botafogo,Flávio Tenius,18.0,2.0,4.0,2.0,0.0,0,1,0
6831,2020,2020-10-31,19,Corinthians,Vágner Mancini,14.0,1.0,1.0,0.0,1.0,0,0,1
6834,2020,2020-11-01,19,Flamengo,Domènec Torrent,2.0,1.0,5.0,4.0,-3.0,1,0,0
6835,2020,2020-11-01,19,Sport Recife,Jair Ventura,13.0,1.0,1.0,0.0,1.0,0,0,1
6838,2020,2020-11-02,19,Palmeiras,Andrey Lopes,8.0,3.0,3.0,0.0,3.0,0,0,1
6839,2020,2020-11-03,19,Grêmio,Renato Gaúcho,7.0,2.0,3.0,1.0,1.0,0,0,1
6842,2020,2020-11-07,20,São Paulo,Fernando Diniz,1.0,2.0,3.0,1.0,1.0,0,0,1
6845,2020,2020-11-08,20,Internacional,Eduardo Coudet,2.0,2.0,4.0,2.0,0.0,0,1,0
6846,2020,2020-11-08,20,Atlético-MG,Jorge Sampaoli,4.0,4.0,4.0,0.0,4.0,0,0,1
6850,2020,2020-11-14,21,Sport Recife,Jair Ventura,10.0,0.0,2.0,2.0,-2.0,1,0,0
6854,2020,2020-11-14,21,Corinthians,Vágner Mancini,13.0,1.0,3.0,2.0,-1.0,1,0,0
6856,2020,2020-11-14,21,Grêmio,Renato Gaúcho,5.0,4.0,6.0,2.0,2.0,0,0,1
6857,2020,2020-11-15,21,Palmeiras,Abel Ferreira,7.0,2.0,2.0,0.0,2.0,0,0,1
6858,2020,2020-11-15,21,Flamengo,Rogério Ceni,4.0,1.0,2.0,1.0,0.0,0,1,0
6859,2020,2020-11-17,21,Botafogo,Emiliano Ramón Díaz,19.0,1.0,3.0,2.0,-1.0,1,0,0
6862,2020,2020-11-21,22,Flamengo,Rogério Ceni,4.0,3.0,4.0,1.0,2.0,0,0,1
6864,2020,2020-11-22,22,São Paulo,Fernando Diniz,1.0,1.0,2.0,1.0,0.0,0,1,0
6866,2020,2020-11-22,22,Internacional,Abel Braga,3.0,1.0,3.0,2.0,-1.0,1,0,0
6867,2020,2020-11-22,22,Botafogo,Emiliano Ramón Díaz,19.0,1.0,3.0,2.0,-1.0,1,0,0
6868,2020,2020-11-22,22,Corinthians,Vágner Mancini,14.0,0.0,0.0,0.0,0.0,0,1,0
6869,2020,2020-11-23,22,Sport Recife,Jair Ventura,11.0,0.0,1.0,1.0,-1.0,1,0,0
6870,2020,2020-11-26,23,Atlético-MG,Jorge Sampaoli,2.0,2.0,3.0,1.0,1.0,0,0,1
6874,2020,2020-11-28,23,Palmeiras,Abel Ferreira,7.0,3.0,3.0,0.0,3.0,0,0,1
6879,2020,2021-01-29,23,Grêmio,Renato Gaúcho,4.0,2.0,6.0,4.0,-2.0,1,0,0
6881,2020,2020-12-05,24,Botafogo,Felipe Lucena,19.0,0.0,1.0,1.0,-1.0,1,0,0
6886,2020,2020-12-06,24,Grêmio,Renato Gaúcho,7.0,4.0,4.0,0.0,4.0,0,0,1
6887,2020,2020-12-06,24,São Paulo,Fernando Diniz,1.0,1.0,1.0,0.0,1.0,0,0,1
6888,2020,2020-12-06,24,Atlético-MG,Jorge Sampaoli,2.0,2.0,4.0,2.0,0.0,0,1,0
6892,2020,2020-12-12,25,Internacional,Abel Braga,7.0,2.0,3.0,1.0,1.0,0,0,1
6893,2020,2020-12-12,25,Palmeiras,Abel Ferreira,6.0,3.0,3.0,0.0,3.0,0,0,1
6896,2020,2020-12-13,25,Flamengo,Rogério Ceni,2.0,4.0,5.0,1.0,3.0,0,0,1
6897,2020,2020-12-13,25,Corinthians,Vágner Mancini,11.0,1.0,1.0,0.0,1.0,0,0,1
6898,2020,2020-12-13,25,Sport Recife,Jair Ventura,16.0,1.0,1.0,0.0,1.0,0,0,1
6901,2020,2020-12-17,26,São Paulo,Fernando Diniz,1.0,3.0,3.0,0.0,3.0,0,0,1
6902,2020,2020-12-19,26,Sport Recife,Jair Ventura,15.0,1.0,2.0,1.0,0.0,0,1,0
6905,2020,2020-12-20,26,Internacional,Abel Braga,5.0,2.0,2.0,0.0,2.0,0,0,1
6908,2020,2020-12-20,26,Flamengo,Rogério Ceni,2.0,4.0,7.0,3.0,1.0,0,0,1
6909,2020,2020-12-21,26,Corinthians,Vágner Mancini,9.0,2.0,3.0,1.0,1.0,0,0,1
6910,2020,2020-12-26,27,Atlético-MG,Jorge Sampaoli,3.0,2.0,2.0,0.0,2.0,0,0,1
6913,2020,2020-12-27,27,Grêmio,Renato Gaúcho,6.0,2.0,3.0,1.0,1.0,0,0,1
6915,2020,2020-12-27,27,Botafogo,Eduardo Barroca,18.0,0.0,2.0,2.0,-2.0,1,0,0
6918,2020,2020-12-27,27,Palmeiras,Abel Ferreira,5.0,1.0,1.0,0.0,1.0,0,0,1
6920,2020,2021-01-06,28,Botafogo,Eduardo Barroca,19.0,0.0,2.0,2.0,-2.0,1,0,0
6921,2020,2021-01-06,28,Grêmio,Renato Gaúcho,6.0,2.0,3.0,1.0,1.0,0,0,1
6922,2020,2021-01-06,28,Sport Recife,Jair Ventura,15.0,1.0,1.0,0.0,1.0,0,0,1
6924,2020,2021-01-07,28,Flamengo,Rogério Ceni,2.0,1.0,3.0,2.0,-1.0,1,0,0
6928,2020,2021-01-18,28,Palmeiras,Abel Ferreira,5.0,4.0,4.0,0.0,4.0,0,0,1
6929,2020,2021-01-27,28,Atlético-MG,Jorge Sampaoli,3.0,2.0,2.0,0.0,2.0,0,0,1
6930,2020,2021-01-09,29,Sport Recife,Jair Ventura,14.0,0.0,1.0,1.0,-1.0,1,0,0
6933,2020,2021-01-10,29,Flamengo,Rogério Ceni,3.0,0.0,2.0,2.0,-2.0,1,0,0
6934,2020,2021-01-10,29,São Paulo,Fernando Diniz,1.0,0.0,1.0,1.0,-1.0,1,0,0
6935,2020,2021-01-10,29,Internacional,Abel Braga,4.0,1.0,1.0,0.0,1.0,0,0,1
6939,2020,2021-01-14,29,Corinthians,Vágner Mancini,9.0,5.0,5.0,0.0,5.0,0,0,1
6940,2020,2021-01-16,30,Palmeiras,Abel Ferreira,5.0,1.0,2.0,1.0,0.0,0,1,0
6945,2020,2021-01-17,30,Atlético-MG,Jorge Sampaoli,2.0,3.0,4.0,1.0,2.0,0,0,1
6946,2020,2021-01-18,30,Internacional,Abel Braga,3.0,4.0,6.0,2.0,2.0,0,0,1
6950,2020,2021-01-20,31,Botafogo,Eduardo Barroca,20.0,1.0,4.0,3.0,-2.0,1,0,0
6952,2020,2021-01-20,31,Grêmio,Renato Gaúcho,6.0,1.0,2.0,1.0,0.0,0,1,0
6954,2020,2021-01-21,31,São Paulo,Fernando Diniz,1.0,1.0,6.0,5.0,-4.0,1,0,0
6956,2020,2021-01-21,31,Flamengo,Rogério Ceni,4.0,2.0,2.0,0.0,2.0,0,0,1
6959,2020,2021-01-22,31,Corinthians,Vágner Mancini,9.0,3.0,3.0,0.0,3.0,0,0,1
6960,2020,2021-01-23,32,São Paulo,Fernando Diniz,4.0,1.0,2.0,1.0,0.0,0,1,0
6962,2020,2021-01-24,32,Internacional,Abel Braga,1.0,2.0,3.0,1.0,1.0,0,0,1
6965,2020,2021-01-24,32,Sport Recife,Jair Ventura,17.0,2.0,2.0,0.0,2.0,0,0,1
6969,2020,2021-01-26,32,Corinthians,Vágner Mancini,8.0,0.0,2.0,2.0,-2.0,1,0,0
6973,2020,2021-01-31,33,Atlético-MG,Jorge Sampaoli,4.0,2.0,2.0,0.0,2.0,0,0,1
6974,2020,2021-01-31,33,Internacional,Abel Braga,1.0,2.0,3.0,1.0,1.0,0,0,1
6977,2020,2021-02-02,33,Sport Recife,Jair Ventura,15.0,0.0,3.0,3.0,-3.0,1,0,0
6978,2020,2021-02-02,33,Palmeiras,Abel Ferreira,5.0,1.0,2.0,1.0,0.0,0,1,0
6980,2020,2021-02-03,34,Grêmio,Renato Gaúcho,7.0,3.0,6.0,3.0,0.0,0,1,0
6982,2020,2021-02-04,34,Corinthians,Vágner Mancini,11.0,2.0,3.0,1.0,1.0,0,0,1
6986,2020,2021-02-05,34,Flamengo,Rogério Ceni,2.0,2.0,2.0,0.0,2.0,0,0,1
6988,2020,2021-02-05,34,Botafogo,Eduardo Barroca,20.0,0.0,1.0,1.0,-1.0,1,0,0
6989,2020,2021-02-20,34,São Paulo,Vizolli,4.0,1.0,2.0,1.0,0.0,0,1,0
6993,2020,2021-02-08,35,Botafogo,Lúcio Flávio,20.0,2.0,7.0,5.0,-3.0,1,0,0
6994,2020,2021-02-10,35,Internacional,Abel Braga,1.0,1.0,3.0,2.0,-1.0,1,0,0
6996,2020,2021-02-11,35,São Paulo,Vizolli,4.0,1.0,2.0,1.0,0.0,0,1,0
6998,2020,2021-02-11,35,Corinthians,Vágner Mancini,9.0,3.0,6.0,3.0,0.0,0,1,0
7002,2020,2021-02-13,36,Atlético-MG,Jorge Sampaoli,3.0,1.0,2.0,1.0,0.0,0,1,0
7003,2020,2021-02-14,36,Flamengo,Rogério Ceni,2.0,2.0,3.0,1.0,1.0,0,0,1
7005,2020,2021-02-14,36,Palmeiras,Abel Ferreira,7.0,3.0,3.0,0.0,3.0,0,0,1
7007,2020,2021-02-15,36,Grêmio,Renato Gaúcho,6.0,1.0,3.0,2.0,-1.0,1,0,0
7009,2020,2021-02-16,36,Sport Recife,Jair Ventura,14.0,0.0,0.0,0.0,0.0,0,1,0
7012,2020,2021-02-21,37,Sport Recife,Jair Ventura,14.0,2.0,5.0,3.0,-1.0,1,0,0
7013,2020,2021-02-21,37,Flamengo,Rogério Ceni,2.0,2.0,3.0,1.0,1.0,0,0,1
7014,2020,2021-02-21,37,Corinthians,Vágner Mancini,10.0,0.0,0.0,0.0,0.0,0,1,0
7016,2020,2021-02-21,37,Grêmio,Renato Gaúcho,7.0,1.0,1.0,0.0,1.0,0,0,1
7018,2020,2021-02-22,37,Palmeiras,Abel Ferreira,6.0,1.0,2.0,1.0,0.0,0,1,0
7019,2020,2021-02-23,37,Botafogo,Lúcio Flávio,20.0,1.0,1.0,0.0,1.0,0,0,1
7020,2020,2021-02-25,38,São Paulo,Vizolli,4.0,2.0,3.0,1.0,1.0,0,0,1
7024,2020,2021-02-26,38,Atlético-MG,Jorge Sampaoli,3.0,2.0,2.0,0.0,2.0,0,0,1
7025,2020,2021-02-26,38,Internacional,Abel Braga,2.0,0.0,0.0,0.0,0.0,0,1,0
5890,2018,2018-04-14,1,Grêmio,Renato Gaúcho,7.0,1.0,1.0,0.0,1.0,0,0,1
5891,2018,2018-04-15,1,Flamengo,Maurício Barbieri,9.0,2.0,4.0,2.0,0.0,0,1,0
5893,2018,2018-04-15,1,Sport Recife,Nelsinho Baptista,19.0,0.0,3.0,3.0,-3.0,1,0,0
5896,2018,2018-04-15,1,Atlético-MG,Thiago Larghi,13.0,1.0,3.0,2.0,-1.0,1,0,0
5898,2018,2018-04-17,1,Palmeiras,Roger Machado,11.0,1.0,2.0,1.0,0.0,0,1,0
5902,2018,2018-04-22,2,Corinthians,Fábio Carille,5.0,4.0,4.0,0.0,4.0,0,0,1
5905,2018,2018-04-22,2,Cruzeiro,Mano Menezes,15.0,0.0,1.0,1.0,-1.0,1,0,0
5906,2018,2018-04-22,2,São Paulo,Diego Aguirre,8.0,0.0,0.0,0.0,0.0,0,1,0
5907,2018,2018-04-22,2,Internacional,Odair Hellmann,4.0,0.0,1.0,1.0,-1.0,1,0,0
5909,2018,2018-04-24,2,Botafogo,Alberto Valentim,12.0,1.0,2.0,1.0,0.0,0,1,0
5910,2018,2018-04-28,3,Grêmio,Renato Gaúcho,6.0,1.0,3.0,2.0,-1.0,1,0,0
5911,2018,2018-04-29,3,Corinthians,Fábio Carille,1.0,0.0,1.0,1.0,-1.0,1,0,0
5912,2018,2018-04-29,3,Sport Recife,Claudinei Oliveira,17.0,2.0,3.0,1.0,1.0,0,0,1
5914,2018,2018-04-29,3,São Paulo,Diego Aguirre,7.0,1.0,2.0,1.0,0.0,0,1,0
5915,2018,2018-04-29,3,Flamengo,Maurício Barbieri,3.0,3.0,3.0,0.0,3.0,0,0,1
5917,2018,2018-04-30,3,Cruzeiro,Mano Menezes,19.0,0.0,0.0,0.0,0.0,0,1,0
5921,2018,2018-05-06,4,Atlético-MG,Thiago Larghi,4.0,2.0,4.0,2.0,0.0,0,1,0
5923,2018,2018-05-06,4,Botafogo,Alberto Valentim,6.0,0.0,1.0,1.0,-1.0,1,0,0
5924,2018,2018-05-06,4,Palmeiras,Roger Machado,8.0,3.0,4.0,1.0,2.0,0,0,1
5926,2018,2018-05-06,4,Internacional,Odair Hellmann,11.0,0.0,2.0,2.0,-2.0,1,0,0
5930,2018,2018-05-12,5,Internacional,Odair Hellmann,13.0,0.0,0.0,0.0,0.0,0,1,0
5931,2018,2018-05-13,5,Sport Recife,Claudinei Oliveira,8.0,0.0,2.0,2.0,-2.0,1,0,0
5932,2018,2018-05-13,5,Palmeiras,Roger Machado,3.0,0.0,1.0,1.0,-1.0,1,0,0
5934,2018,2018-05-13,5,Flamengo,Maurício Barbieri,1.0,2.0,5.0,3.0,-1.0,1,0,0
5935,2018,2018-05-13,5,Atlético-MG,Thiago Larghi,6.0,2.0,3.0,1.0,1.0,0,0,1
5936,2018,2018-05-13,5,São Paulo,Diego Aguirre,10.0,2.0,4.0,2.0,0.0,0,1,0
5940,2018,2018-05-19,6,Cruzeiro,Mano Menezes,8.0,0.0,1.0,1.0,-1.0,1,0,0
5944,2018,2018-05-20,6,Grêmio,Renato Gaúcho,4.0,0.0,0.0,0.0,0.0,0,1,0
5945,2018,2018-05-20,6,Botafogo,Alberto Valentim,7.0,0.0,1.0,1.0,-1.0,1,0,0
5947,2018,2018-05-20,6,Corinthians,Fábio Carille,2.0,1.0,2.0,1.0,0.0,0,1,0
5951,2018,2018-05-27,7,Sport Recife,Claudinei Oliveira,12.0,3.0,5.0,2.0,1.0,0,0,1
5952,2018,2018-05-27,7,Flamengo,Maurício Barbieri,2.0,1.0,1.0,0.0,1.0,0,0,1
5956,2018,2018-05-27,7,Cruzeiro,Mano Menezes,13.0,1.0,1.0,0.0,1.0,0,0,1
5957,2018,2018-05-27,7,Corinthians,Osmar Loss,3.0,1.0,3.0,2.0,-1.0,1,0,0
5958,2018,2018-05-28,7,Grêmio,Renato Gaúcho,8.0,1.0,1.0,0.0,1.0,0,0,1
5959,2018,2018-05-28,7,São Paulo,Diego Aguirre,7.0,3.0,4.0,1.0,2.0,0,0,1
5961,2018,2018-05-31,8,Atlético-MG,Thiago Larghi,3.0,2.0,5.0,3.0,-1.0,1,0,0
5962,2018,2018-05-31,8,Internacional,Odair Hellmann,8.0,3.0,5.0,2.0,1.0,0,0,1
5963,2018,2018-05-31,8,Botafogo,Alberto Valentim,13.0,2.0,5.0,3.0,-1.0,1,0,0
5965,2018,2018-05-31,8,Palmeiras,Roger Machado,7.0,0.0,1.0,1.0,-1.0,1,0,0
5971,2018,2018-06-02,9,Sport Recife,Claudinei Oliveira,6.0,0.0,0.0,0.0,0.0,0,1,0
5972,2018,2018-06-03,9,Botafogo,Alberto Valentim,14.0,2.0,3.0,1.0,1.0,0,0,1
5973,2018,2018-06-03,9,São Paulo,Diego Aguirre,2.0,1.0,4.0,3.0,-2.0,1,0,0
5974,2018,2018-06-03,9,Grêmio,Renato Gaúcho,9.0,2.0,2.0,0.0,2.0,0,0,1
5976,2018,2018-06-03,9,Corinthians,Osmar Loss,3.0,0.0,1.0,1.0,-1.0,1,0,0
5978,2018,2018-06-04,9,Cruzeiro,Mano Menezes,7.0,1.0,1.0,0.0,1.0,0,0,1
5980,2018,2018-06-06,10,Internacional,Odair Hellmann,5.0,0.0,0.0,0.0,0.0,0,1,0
5986,2018,2018-06-07,10,Palmeiras,Roger Machado,7.0,2.0,2.0,0.0,2.0,0,0,1
5988,2018,2018-06-08,10,Flamengo,Maurício Barbieri,1.0,2.0,2.0,0.0,2.0,0,0,1
5989,2018,2018-06-08,10,Atlético-MG,Thiago Larghi,10.0,3.0,4.0,1.0,2.0,0,0,1
5990,2018,2018-06-09,11,São Paulo,Diego Aguirre,6.0,1.0,1.0,0.0,1.0,0,0,1
5991,2018,2018-06-10,11,Cruzeiro,Mano Menezes,5.0,0.0,2.0,2.0,-2.0,1,0,0
5992,2018,2018-06-10,11,Sport Recife,Claudinei Oliveira,2.0,2.0,5.0,3.0,-1.0,1,0,0
5995,2018,2018-06-10,11,Botafogo,Alberto Valentim,13.0,3.0,6.0,3.0,0.0,0,1,0
5996,2018,2018-06-10,11,Palmeiras,Roger Machado,3.0,2.0,4.0,2.0,0.0,0,1,0
5999,2018,2018-06-11,11,Internacional,Odair Hellmann,8.0,2.0,3.0,1.0,1.0,0,0,1
6003,2018,2018-06-14,12,Cruzeiro,Mano Menezes,8.0,1.0,2.0,1.0,0.0,0,1,0
6004,2018,2018-06-14,12,Grêmio,Renato Gaúcho,4.0,0.0,0.0,0.0,0.0,0,1,0
6006,2018,2018-06-14,12,Flamengo,Maurício Barbieri,1.0,1.0,2.0,1.0,0.0,0,1,0
6008,2018,2018-06-14,12,Corinthians,Osmar Loss,9.0,0.0,1.0,1.0,-1.0,1,0,0
6010,2018,2018-07-19,13,Sport Recife,Claudinei Oliveira,7.0,0.0,1.0,1.0,-1.0,1,0,0
6012,2018,2018-07-19,13,São Paulo,Diego Aguirre,3.0,1.0,1.0,0.0,1.0,0,0,1
6013,2018,2018-07-19,13,Botafogo,Marcos Paquetá,9.0,0.0,2.0,2.0,-2.0,1,0,0
6014,2018,2018-07-19,13,Atlético-MG,Thiago Larghi,2.0,0.0,2.0,2.0,-2.0,1,0,0
6018,2018,2018-07-20,13,Palmeiras,Roger Machado,6.0,1.0,2.0,1.0,0.0,0,1,0
6019,2018,2018-07-20,13,Internacional,Odair Hellmann,4.0,2.0,4.0,2.0,0.0,0,1,0
6020,2018,2018-07-22,14,Botafogo,Marcos Paquetá,10.0,0.0,2.0,2.0,-2.0,1,0,0
6021,2018,2018-07-22,14,Corinthians,Osmar Loss,8.0,1.0,4.0,3.0,-2.0,1,0,0
6024,2018,2018-07-22,14,Grêmio,Renato Gaúcho,4.0,0.0,1.0,1.0,-1.0,1,0,0
6026,2018,2018-07-22,14,Atlético-MG,Thiago Larghi,3.0,2.0,5.0,3.0,-1.0,1,0,0
6030,2018,2018-07-26,15,Palmeiras,Roger Machado,6.0,0.0,1.0,1.0,-1.0,1,0,0
6032,2018,2018-07-26,15,Flamengo,Maurício Barbieri,1.0,1.0,2.0,1.0,0.0,0,1,0
6033,2018,2018-07-26,15,Cruzeiro,Mano Menezes,4.0,0.0,2.0,2.0,-2.0,1,0,0
6034,2018,2018-07-27,15,Sport Recife,Claudinei Oliveira,10.0,0.0,1.0,1.0,-1.0,1,0,0
6036,2018,2018-07-27,15,São Paulo,Diego Aguirre,2.0,1.0,3.0,2.0,-1.0,1,0,0
6037,2018,2018-07-27,15,Internacional,Odair Hellmann,3.0,1.0,3.0,2.0,-1.0,1,0,0
6041,2018,2018-07-29,16,Corinthians,Osmar Loss,8.0,4.0,5.0,1.0,3.0,0,0,1
6043,2018,2018-07-29,16,São Paulo,Diego Aguirre,2.0,2.0,2.0,0.0,2.0,0,0,1
6045,2018,2018-07-29,16,Sport Recife,Claudinei Oliveira,13.0,1.0,5.0,4.0,-3.0,1,0,0
6046,2018,2018-07-29,16,Botafogo,Marcos Paquetá,11.0,0.0,3.0,3.0,-3.0,1,0,0
6047,2018,2018-07-30,16,Grêmio,Renato Gaúcho,4.0,1.0,2.0,1.0,0.0,0,1,0
6049,2018,2018-07-31,16,Atlético-MG,Thiago Larghi,3.0,2.0,4.0,2.0,0.0,0,1,0
6051,2018,2018-08-05,17,Flamengo,Maurício Barbieri,1.0,0.0,2.0,2.0,-2.0,1,0,0
6054,2018,2018-08-05,17,Palmeiras,Luiz Felipe Scolari,6.0,0.0,0.0,0.0,0.0,0,1,0
6055,2018,2018-08-05,17,Cruzeiro,Mano Menezes,8.0,1.0,2.0,1.0,0.0,0,1,0
6059,2018,2018-08-07,17,Internacional,Odair Hellmann,3.0,1.0,1.0,0.0,1.0,0,0,1
6063,2018,2018-08-12,18,Botafogo,Zé Ricardo,12.0,1.0,2.0,1.0,0.0,0,1,0
6064,2018,2018-08-12,18,Corinthians,Osmar Loss,7.0,1.0,3.0,2.0,-1.0,1,0,0
6065,2018,2018-08-12,18,Cruzeiro,Mano Menezes,8.0,0.0,1.0,1.0,-1.0,1,0,0
6066,2018,2018-08-12,18,São Paulo,Diego Aguirre,1.0,3.0,4.0,1.0,2.0,0,0,1
6069,2018,2018-08-14,18,Internacional,Odair Hellmann,3.0,3.0,3.0,0.0,3.0,0,0,1
6070,2018,2018-08-18,19,Sport Recife,Eduardo Baptista,15.0,0.0,3.0,3.0,-3.0,1,0,0
6071,2018,2018-08-19,19,Grêmio,Renato Gaúcho,4.0,1.0,1.0,0.0,1.0,0,0,1
6072,2018,2018-08-19,19,Flamengo,Maurício Barbieri,2.0,0.0,3.0,3.0,-3.0,1,0,0
6075,2018,2018-08-19,19,Palmeiras,Luiz Felipe Scolari,6.0,3.0,3.0,0.0,3.0,0,0,1
6076,2018,2018-08-19,19,Atlético-MG,Thiago Larghi,5.0,3.0,3.0,0.0,3.0,0,0,1
6081,2018,2018-08-23,20,São Paulo,Diego Aguirre,1.0,1.0,2.0,1.0,0.0,0,1,0
6082,2018,2018-08-23,20,Internacional,Odair Hellmann,2.0,1.0,1.0,0.0,1.0,0,0,1
6084,2018,2018-08-23,20,Botafogo,Zé Ricardo,12.0,0.0,2.0,2.0,-2.0,1,0,0
6085,2018,2018-08-23,20,Corinthians,Osmar Loss,7.0,0.0,1.0,1.0,-1.0,1,0,0
6086,2018,2018-08-23,20,Cruzeiro,Mano Menezes,8.0,1.0,2.0,1.0,0.0,0,1,0
6091,2018,2018-08-26,21,Grêmio,Renato Gaúcho,4.0,1.0,3.0,2.0,-1.0,1,0,0
6094,2018,2018-08-26,21,Sport Recife,Eduardo Baptista,17.0,0.0,2.0,2.0,-2.0,1,0,0
6096,2018,2018-08-26,21,Flamengo,Maurício Barbieri,3.0,2.0,4.0,2.0,0.0,0,1,0
6097,2018,2018-08-26,21,Atlético-MG,Thiago Larghi,6.0,0.0,1.0,1.0,-1.0,1,0,0
6098,2018,2018-08-26,21,Palmeiras,Luiz Felipe Scolari,5.0,0.0,0.0,0.0,0.0,0,1,0
6101,2018,2018-09-01,22,Botafogo,Zé Ricardo,14.0,0.0,4.0,4.0,-4.0,1,0,0
6103,2018,2018-09-02,22,Atlético-MG,Thiago Larghi,6.0,1.0,2.0,1.0,0.0,0,1,0
6108,2018,2018-09-03,22,Internacional,Odair Hellmann,2.0,0.0,0.0,0.0,0.0,0,1,0
6109,2018,2018-09-03,22,Palmeiras,Luiz Felipe Scolari,4.0,2.0,3.0,1.0,1.0,0,0,1
6110,2018,2018-09-06,23,Sport Recife,Eduardo Baptista,18.0,0.0,2.0,2.0,-2.0,1,0,0
6111,2018,2018-09-06,23,Cruzeiro,Mano Menezes,7.0,1.0,2.0,1.0,0.0,0,1,0
6112,2018,2018-09-06,23,Corinthians,Osmar Loss,8.0,1.0,3.0,2.0,-1.0,1,0,0
6115,2018,2018-09-06,23,São Paulo,Diego Aguirre,1.0,0.0,1.0,1.0,-1.0,1,0,0
6116,2018,2018-09-06,23,Flamengo,Maurício Barbieri,3.0,1.0,3.0,2.0,-1.0,1,0,0
6118,2018,2018-09-07,23,Grêmio,Renato Gaúcho,4.0,0.0,0.0,0.0,0.0,0,1,0
6120,2018,2018-09-08,24,Cruzeiro,Mano Menezes,7.0,0.0,0.0,0.0,0.0,0,1,0
6124,2018,2018-09-09,24,Botafogo,Zé Ricardo,15.0,0.0,1.0,1.0,-1.0,1,0,0
6125,2018,2018-09-09,24,Corinthians,Jair Ventura,8.0,0.0,1.0,1.0,-1.0,1,0,0
6126,2018,2018-09-09,24,Grêmio,Renato Gaúcho,5.0,0.0,1.0,1.0,-1.0,1,0,0
6132,2018,2018-09-16,25,Flamengo,Maurício Barbieri,4.0,1.0,2.0,1.0,0.0,0,1,0
6134,2018,2018-09-16,25,Atlético-MG,Thiago Larghi,5.0,0.0,0.0,0.0,0.0,0,1,0
6136,2018,2018-09-16,25,Palmeiras,Luiz Felipe Scolari,3.0,1.0,2.0,1.0,0.0,0,1,0
6137,2018,2018-09-16,25,São Paulo,Diego Aguirre,2.0,0.0,0.0,0.0,0.0,0,1,0
6138,2018,2018-09-17,25,Sport Recife,Eduardo Baptista,18.0,1.0,3.0,2.0,-1.0,1,0,0
6139,2018,2018-09-18,25,Internacional,Odair Hellmann,1.0,1.0,3.0,2.0,-1.0,1,0,0
6143,2018,2018-09-23,26,Atlético-MG,Thiago Larghi,6.0,1.0,3.0,2.0,-1.0,1,0,0
6144,2018,2018-09-23,26,Internacional,Odair Hellmann,2.0,1.0,2.0,1.0,0.0,0,1,0
6145,2018,2018-09-23,26,Botafogo,Zé Ricardo,15.0,4.0,7.0,3.0,1.0,0,0,1
6146,2018,2018-09-23,26,Palmeiras,Luiz Felipe Scolari,3.0,1.0,1.0,0.0,1.0,0,0,1
6150,2018,2018-09-29,27,Grêmio,Renato Gaúcho,5.0,1.0,1.0,0.0,1.0,0,0,1
6151,2018,2018-09-30,27,Corinthians,Jair Ventura,8.0,0.0,0.0,0.0,0.0,0,1,0
6152,2018,2018-09-30,27,Flamengo,Dorival Júnior,4.0,0.0,0.0,0.0,0.0,0,1,0
6153,2018,2018-09-30,27,Cruzeiro,Mano Menezes,7.0,1.0,4.0,3.0,-2.0,1,0,0
6154,2018,2018-09-30,27,Sport Recife,Milton Mendes,19.0,2.0,7.0,5.0,-3.0,1,0,0
6155,2018,2018-09-30,27,São Paulo,Diego Aguirre,1.0,2.0,4.0,2.0,0.0,0,1,0
6160,2018,2018-10-06,28,Internacional,Odair Hellmann,2.0,1.0,3.0,2.0,-1.0,1,0,0
6161,2018,2018-10-06,28,Flamengo,Dorival Júnior,5.0,3.0,3.0,0.0,3.0,0,0,1
6164,2018,2018-10-06,28,Atlético-MG,Thiago Larghi,6.0,0.0,1.0,1.0,-1.0,1,0,0
6165,2018,2018-10-06,28,Palmeiras,Luiz Felipe Scolari,1.0,2.0,2.0,0.0,2.0,0,0,1
6171,2018,2018-10-14,29,Corinthians,Jair Ventura,11.0,0.0,1.0,1.0,-1.0,1,0,0
6174,2018,2018-10-14,29,Cruzeiro,Mano Menezes,9.0,0.0,2.0,2.0,-2.0,1,0,0
6175,2018,2018-10-14,29,Grêmio,Renato Gaúcho,5.0,0.0,2.0,2.0,-2.0,1,0,0
6176,2018,2018-10-14,29,São Paulo,Diego Aguirre,4.0,1.0,4.0,3.0,-2.0,1,0,0
6178,2018,2018-10-15,29,Sport Recife,Milton Mendes,19.0,0.0,4.0,4.0,-4.0,1,0,0
6179,2018,2018-10-16,29,Botafogo,Zé Ricardo,12.0,0.0,0.0,0.0,0.0,0,1,0
6180,2018,2018-10-20,30,Grêmio,Renato Gaúcho,5.0,1.0,2.0,1.0,0.0,0,1,0
6184,2018,2018-10-21,30,Corinthians,Jair Ventura,11.0,2.0,4.0,2.0,0.0,0,1,0
6185,2018,2018-10-21,30,Atlético-MG,Levir Culpi,6.0,0.0,1.0,1.0,-1.0,1,0,0
6188,2018,2018-10-22,30,Flamengo,Dorival Júnior,3.0,4.0,4.0,0.0,4.0,0,0,1
6190,2018,2018-10-27,31,São Paulo,Diego Aguirre,4.0,1.0,1.0,0.0,1.0,0,0,1
6191,2018,2018-10-27,31,Internacional,Odair Hellmann,3.0,1.0,2.0,1.0,0.0,0,1,0
6193,2018,2018-10-27,31,Sport Recife,Milton Mendes,19.0,4.0,7.0,3.0,1.0,0,0,1
6195,2018,2018-10-28,31,Palmeiras,Luiz Felipe Scolari,1.0,1.0,2.0,1.0,0.0,0,1,0
6198,2018,2018-10-28,31,Botafogo,Zé Ricardo,13.0,1.0,3.0,2.0,-1.0,1,0,0
6199,2018,2018-10-30,31,Atlético-MG,Levir Culpi,6.0,1.0,3.0,2.0,-1.0,1,0,0
6200,2018,2018-11-03,32,Grêmio,Renato Gaúcho,5.0,1.0,1.0,0.0,1.0,0,0,1
6204,2018,2018-11-04,32,Cruzeiro,Mano Menezes,9.0,2.0,3.0,1.0,1.0,0,0,1
6205,2018,2018-11-04,32,Corinthians,Jair Ventura,11.0,0.0,1.0,1.0,-1.0,1,0,0
6206,2018,2018-11-04,32,Flamengo,Dorival Júnior,2.0,2.0,4.0,2.0,0.0,0,1,0
6211,2018,2018-11-10,33,São Paulo,Diego Aguirre,4.0,1.0,2.0,1.0,0.0,0,1,0
6212,2018,2018-11-10,33,Cruzeiro,Mano Menezes,8.0,0.0,2.0,2.0,-2.0,1,0,0
6213,2018,2018-11-10,33,Flamengo,Dorival Júnior,3.0,1.0,3.0,2.0,-1.0,1,0,0
6214,2018,2018-11-11,33,Palmeiras,Luiz Felipe Scolari,1.0,1.0,2.0,1.0,0.0,0,1,0
6216,2018,2018-11-11,33,Internacional,Odair Hellmann,2.0,1.0,2.0,1.0,0.0,0,1,0
6218,2018,2018-11-11,33,Sport Recife,Milton Mendes,16.0,0.0,0.0,0.0,0.0,0,1,0
6221,2018,2018-11-15,34,Atlético-MG,Levir Culpi,6.0,1.0,1.0,0.0,1.0,0,0,1
6223,2018,2018-11-15,34,Corinthians,Jair Ventura,13.0,0.0,1.0,1.0,-1.0,1,0,0
6226,2018,2018-11-15,34,Botafogo,Zé Ricardo,12.0,1.0,1.0,0.0,1.0,0,0,1
6228,2018,2018-11-15,34,Grêmio,Renato Gaúcho,4.0,1.0,2.0,1.0,0.0,0,1,0
6233,2018,2018-11-18,35,Palmeiras,Luiz Felipe Scolari,1.0,1.0,2.0,1.0,0.0,0,1,0
6235,2018,2018-11-18,35,Internacional,Odair Hellmann,2.0,0.0,1.0,1.0,-1.0,1,0,0
6236,2018,2018-11-18,35,Flamengo,Dorival Júnior,3.0,1.0,1.0,0.0,1.0,0,0,1
6237,2018,2018-11-18,35,Cruzeiro,Mano Menezes,7.0,0.0,1.0,1.0,-1.0,1,0,0
6240,2018,2018-11-21,36,Atlético-MG,Levir Culpi,6.0,2.0,3.0,1.0,1.0,0,0,1
6241,2018,2018-11-22,36,Botafogo,Zé Ricardo,9.0,1.0,2.0,1.0,0.0,0,1,0
6243,2018,2018-11-22,36,Corinthians,Jair Ventura,12.0,0.0,1.0,1.0,-1.0,1,0,0
6244,2018,2018-11-22,36,Grêmio,Renato Gaúcho,4.0,0.0,2.0,2.0,-2.0,1,0,0
6246,2018,2018-11-22,36,São Paulo,André Jardine,5.0,0.0,2.0,2.0,-2.0,1,0,0
6247,2018,2018-11-23,36,Sport Recife,Milton Mendes,16.0,1.0,3.0,2.0,-1.0,1,0,0
6250,2018,2018-11-24,37,Atlético-MG,Levir Culpi,6.0,2.0,5.0,3.0,-1.0,1,0,0
6251,2018,2018-11-25,37,Flamengo,Dorival Júnior,2.0,2.0,2.0,0.0,2.0,0,0,1
6253,2018,2018-11-25,37,Grêmio,Renato Gaúcho,4.0,0.0,0.0,0.0,0.0,0,1,0
6254,2018,2018-11-25,37,Palmeiras,Luiz Felipe Scolari,1.0,1.0,1.0,0.0,1.0,0,0,1
6259,2018,2018-11-26,37,Sport Recife,Milton Mendes,17.0,0.0,0.0,0.0,0.0,0,1,0
6260,2018,2018-12-01,38,Botafogo,Zé Ricardo,9.0,0.0,1.0,1.0,-1.0,1,0,0
6262,2018,2018-12-02,38,Internacional,Odair Hellmann,3.0,1.0,2.0,1.0,0.0,0,1,0
6263,2018,2018-12-02,38,São Paulo,André Jardine,5.0,0.0,1.0,1.0,-1.0,1,0,0
6264,2018,2018-12-02,38,Cruzeiro,Mano Menezes,8.0,0.0,0.0,0.0,0.0,0,1,0
6269,2018,2018-12-02,38,Corinthians,Jair Ventura,12.0,0.0,1.0,1.0,-1.0,1,0,0
6270,2019,2019-04-27,1,Botafogo,Eduardo Barroca,17.0,0.0,2.0,2.0,-2.0,1,0,0
6272,2019,2019-04-28,1,Internacional,Odair Hellmann,16.0,0.0,2.0,2.0,-2.0,1,0,0
6273,2019,2019-04-28,1,Cruzeiro,Mano Menezes,15.0,1.0,4.0,3.0,-2.0,1,0,0
6276,2019,2019-04-28,1,Corinthians,Fábio Carille,11.0,2.0,5.0,3.0,-1.0,1,0,0
6280,2019,2019-05-01,2,Palmeiras,Luiz Felipe Scolari,1.0,1.0,2.0,1.0,0.0,0,1,0
6282,2019,2019-05-01,2,Flamengo,Abel Braga,4.0,1.0,3.0,2.0,-1.0,1,0,0
6284,2019,2019-05-02,2,Grêmio,Renato Gaúcho,12.0,1.0,2.0,1.0,0.0,0,1,0
6285,2019,2019-05-02,2,Atlético-MG,Rodrigo Santana,8.0,2.0,3.0,1.0,1.0,0,0,1
6286,2019,2019-05-02,2,São Paulo,Cuca,5.0,2.0,3.0,1.0,1.0,0,0,1
6290,2019,2019-05-05,3,Internacional,Odair Hellmann,13.0,0.0,1.0,1.0,-1.0,1,0,0
6291,2019,2019-05-05,3,Corinthians,Fábio Carille,10.0,1.0,2.0,1.0,0.0,0,1,0
6292,2019,2019-05-05,3,Atlético-MG,Rodrigo Santana,2.0,2.0,3.0,1.0,1.0,0,0,1
6294,2019,2019-05-05,3,Flamengo,Abel Braga,7.0,1.0,2.0,1.0,0.0,0,1,0
6300,2019,2019-05-11,4,Botafogo,Eduardo Barroca,7.0,1.0,1.0,0.0,1.0,0,0,1
6301,2019,2019-05-12,4,Grêmio,Renato Gaúcho,18.0,0.0,0.0,0.0,0.0,0,1,0
6304,2019,2019-05-12,4,Cruzeiro,Mano Menezes,6.0,1.0,4.0,3.0,-2.0,1,0,0
6306,2019,2019-05-12,4,Palmeiras,Luiz Felipe Scolari,2.0,2.0,2.0,0.0,2.0,0,0,1
6309,2019,2019-05-13,4,São Paulo,Cuca,3.0,1.0,1.0,0.0,1.0,0,0,1
6310,2019,2019-05-18,5,Cruzeiro,Mano Menezes,11.0,1.0,5.0,4.0,-3.0,1,0,0
6311,2019,2019-05-19,5,Flamengo,Abel Braga,7.0,1.0,3.0,2.0,-1.0,1,0,0
6315,2019,2019-05-19,5,Botafogo,Eduardo Barroca,5.0,0.0,1.0,1.0,-1.0,1,0,0
6316,2019,2019-05-19,5,Corinthians,Fábio Carille,12.0,2.0,2.0,0.0,2.0,0,0,1
6319,2019,2019-05-20,5,Grêmio,Renato Gaúcho,18.0,1.0,3.0,2.0,-1.0,1,0,0
6320,2019,2019-05-25,6,Palmeiras,Luiz Felipe Scolari,1.0,1.0,1.0,0.0,1.0,0,0,1
6321,2019,2019-05-26,6,Atlético-MG,Rodrigo Santana,2.0,0.0,1.0,1.0,-1.0,1,0,0
6322,2019,2019-05-26,6,Internacional,Odair Hellmann,5.0,0.0,0.0,0.0,0.0,0,1,0
6325,2019,2019-05-27,6,São Paulo,Cuca,3.0,0.0,1.0,1.0,-1.0,1,0,0
6331,2019,2019-06-02,7,Grêmio,Renato Gaúcho,18.0,0.0,1.0,1.0,-1.0,1,0,0
6334,2019,2019-06-02,7,Cruzeiro,Mano Menezes,16.0,1.0,2.0,1.0,0.0,0,1,0
6336,2019,2019-06-03,7,Palmeiras,Luiz Felipe Scolari,1.0,2.0,3.0,1.0,1.0,0,0,1
6340,2019,2019-06-08,8,Internacional,Odair Hellmann,6.0,1.0,3.0,2.0,-1.0,1,0,0
6343,2019,2019-06-09,8,Corinthians,Fábio Carille,3.0,0.0,0.0,0.0,0.0,0,1,0
6345,2019,2019-06-09,8,São Paulo,Cuca,9.0,0.0,0.0,0.0,0.0,0,1,0
6346,2019,2019-06-10,8,Atlético-MG,Rodrigo Santana,2.0,1.0,4.0,3.0,-2.0,1,0,0
6347,2019,2019-06-10,8,Flamengo,Marcelo Salles,5.0,0.0,0.0,0.0,0.0,0,1,0
6348,2019,2019-06-10,8,Botafogo,Eduardo Barroca,8.0,2.0,3.0,1.0,1.0,0,0,1
6350,2019,2019-06-13,9,Grêmio,Renato Gaúcho,13.0,1.0,1.0,0.0,1.0,0,0,1
6351,2019,2019-06-13,9,Cruzeiro,Mano Menezes,14.0,1.0,3.0,2.0,-1.0,1,0,0
6353,2019,2019-06-13,9,Flamengo,Marcelo Salles,6.0,2.0,2.0,0.0,2.0,0,0,1
6354,2019,2019-06-13,9,Corinthians,Fábio Carille,5.0,0.0,1.0,1.0,-1.0,1,0,0
6356,2019,2019-06-14,9,São Paulo,Cuca,9.0,1.0,2.0,1.0,0.0,0,1,0
6362,2019,2019-07-14,10,Palmeiras,Luiz Felipe Scolari,1.0,1.0,2.0,1.0,0.0,0,1,0
6365,2019,2019-07-14,10,Botafogo,Eduardo Barroca,7.0,0.0,0.0,0.0,0.0,0,1,0
6367,2019,2019-07-14,10,Internacional,Odair Hellmann,4.0,0.0,1.0,1.0,-1.0,1,0,0
6368,2019,2019-07-15,10,Atlético-MG,Rodrigo Santana,5.0,2.0,3.0,1.0,1.0,0,0,1
6371,2019,2019-07-20,11,Cruzeiro,Mano Menezes,16.0,0.0,0.0,0.0,0.0,0,1,0
6372,2019,2019-07-21,11,Grêmio,Renato Gaúcho,10.0,1.0,2.0,1.0,0.0,0,1,0
6373,2019,2019-07-21,11,Palmeiras,Luiz Felipe Scolari,1.0,0.0,2.0,2.0,-2.0,1,0,0
6377,2019,2019-07-21,11,Flamengo,Jorge Jesus,3.0,1.0,2.0,1.0,0.0,0,1,0
6381,2019,2019-07-28,12,São Paulo,Cuca,6.0,2.0,3.0,1.0,1.0,0,0,1
6386,2019,2019-07-28,12,Botafogo,Eduardo Barroca,9.0,2.0,5.0,3.0,-1.0,1,0,0
6387,2019,2019-07-29,12,Atlético-MG,Rodrigo Santana,4.0,0.0,0.0,0.0,0.0,0,1,0
6388,2019,2019-07-29,12,Corinthians,Fábio Carille,5.0,3.0,4.0,1.0,2.0,0,0,1
6389,2019,2019-07-30,12,Grêmio,Renato Gaúcho,11.0,0.0,0.0,0.0,0.0,0,1,0
6391,2019,2019-08-04,13,Internacional,Odair Hellmann,7.0,1.0,3.0,2.0,-1.0,1,0,0
6393,2019,2019-08-04,13,Botafogo,Eduardo Barroca,10.0,2.0,2.0,0.0,2.0,0,0,1
6394,2019,2019-08-04,13,Flamengo,Jorge Jesus,3.0,0.0,3.0,3.0,-3.0,1,0,0
6396,2019,2019-08-05,13,Cruzeiro,Mano Menezes,16.0,0.0,2.0,2.0,-2.0,1,0,0
6397,2019,2019-08-05,13,Palmeiras,Luiz Felipe Scolari,2.0,1.0,2.0,1.0,0.0,0,1,0
6399,2019,2019-08-22,13,São Paulo,Cuca,6.0,1.0,1.0,0.0,1.0,0,0,1
6402,2019,2019-08-11,14,Grêmio,Renato Gaúcho,13.0,1.0,4.0,3.0,-2.0,1,0,0
6404,2019,2019-08-11,14,Corinthians,Fábio Carille,6.0,0.0,0.0,0.0,0.0,0,1,0
6407,2019,2019-08-11,14,Cruzeiro,Ricardo Resende,18.0,2.0,4.0,2.0,0.0,0,1,0
6410,2019,2019-08-17,15,Internacional,Odair Hellmann,8.0,1.0,1.0,0.0,1.0,0,0,1
6411,2019,2019-08-17,15,Botafogo,Eduardo Barroca,7.0,0.0,2.0,2.0,-2.0,1,0,0
6412,2019,2019-08-18,15,Flamengo,Jorge Jesus,3.0,4.0,5.0,1.0,3.0,0,0,1
6414,2019,2019-08-18,15,Atlético-MG,Rodrigo Santana,4.0,0.0,1.0,1.0,-1.0,1,0,0
6415,2019,2019-08-18,15,Palmeiras,Luiz Felipe Scolari,2.0,1.0,2.0,1.0,0.0,0,1,0
6423,2019,2019-08-25,16,São Paulo,Cuca,4.0,0.0,2.0,2.0,-2.0,1,0,0
6424,2019,2019-08-25,16,Internacional,Odair Hellmann,7.0,1.0,3.0,2.0,-1.0,1,0,0
6425,2019,2019-08-26,16,Flamengo,Jorge Jesus,2.0,3.0,3.0,0.0,3.0,0,0,1
6426,2019,2019-08-26,16,Corinthians,Fábio Carille,6.0,1.0,2.0,1.0,0.0,0,1,0
6427,2019,2019-08-26,16,Cruzeiro,Rogério Ceni,16.0,1.0,2.0,1.0,0.0,0,1,0
6430,2019,2019-08-31,17,Grêmio,Renato Gaúcho,12.0,0.0,0.0,0.0,0.0,0,1,0
6434,2019,2019-09-01,17,Botafogo,Eduardo Barroca,9.0,2.0,5.0,3.0,-1.0,1,0,0
6435,2019,2019-09-01,17,Palmeiras,Luiz Felipe Scolari,3.0,0.0,3.0,3.0,-3.0,1,0,0
6437,2019,2019-09-02,17,Atlético-MG,Rodrigo Santana,6.0,0.0,1.0,1.0,-1.0,1,0,0
6442,2019,2019-09-07,18,Flamengo,Jorge Jesus,1.0,3.0,3.0,0.0,3.0,0,0,1
6444,2019,2019-09-08,18,São Paulo,Cuca,5.0,0.0,1.0,1.0,-1.0,1,0,0
6445,2019,2019-09-08,18,Palmeiras,Mano Menezes,3.0,2.0,3.0,1.0,1.0,0,0,1
6446,2019,2019-09-08,18,Grêmio,Renato Gaúcho,11.0,4.0,5.0,1.0,3.0,0,0,1
6447,2019,2019-09-08,18,Atlético-MG,Rodrigo Santana,7.0,1.0,3.0,2.0,-1.0,1,0,0
6452,2019,2019-09-15,19,Cruzeiro,Rogério Ceni,16.0,0.0,1.0,1.0,-1.0,1,0,0
6453,2019,2019-09-15,19,Botafogo,Eduardo Barroca,10.0,0.0,0.0,0.0,0.0,0,1,0
6455,2019,2019-09-15,19,Internacional,Odair Hellmann,6.0,3.0,4.0,1.0,2.0,0,0,1
6458,2019,2019-09-15,19,Corinthians,Fábio Carille,4.0,0.0,1.0,1.0,-1.0,1,0,0
6460,2019,2019-09-21,20,São Paulo,Cuca,6.0,2.0,3.0,1.0,1.0,0,0,1
6461,2019,2019-09-21,20,Flamengo,Jorge Jesus,1.0,2.0,3.0,1.0,1.0,0,0,1
6463,2019,2019-09-22,20,Grêmio,Renato Gaúcho,8.0,3.0,3.0,0.0,3.0,0,0,1
6465,2019,2019-09-22,20,Palmeiras,Mano Menezes,2.0,1.0,1.0,0.0,1.0,0,0,1
6469,2019,2019-09-24,20,Atlético-MG,Rodrigo Santana,9.0,0.0,1.0,1.0,-1.0,1,0,0
6470,2019,2019-09-26,21,Cruzeiro,Rogério Ceni,18.0,0.0,0.0,0.0,0.0,0,1,0
6471,2019,2019-09-26,21,Botafogo,Eduardo Barroca,11.0,0.0,2.0,2.0,-2.0,1,0,0
6472,2019,2019-09-26,21,Internacional,Odair Hellmann,4.0,1.0,4.0,3.0,-2.0,1,0,0
6479,2019,2019-10-03,21,Corinthians,Fábio Carille,5.0,1.0,1.0,0.0,1.0,0,0,1
6480,2019,2019-09-29,22,São Paulo,Fernando Diniz,6.0,0.0,0.0,0.0,0.0,0,1,0
6482,2019,2019-09-29,22,Palmeiras,Mano Menezes,2.0,1.0,2.0,1.0,0.0,0,1,0
6483,2019,2019-09-29,22,Grêmio,Renato Gaúcho,7.0,1.0,3.0,2.0,-1.0,1,0,0
6487,2019,2019-10-01,22,Cruzeiro,Abel Braga,17.0,0.0,1.0,1.0,-1.0,1,0,0
6489,2019,2019-10-01,22,Botafogo,Eduardo Barroca,11.0,0.0,1.0,1.0,-1.0,1,0,0
6492,2019,2019-10-06,23,Corinthians,Fábio Carille,4.0,0.0,0.0,0.0,0.0,0,1,0
6494,2019,2019-10-06,23,Internacional,Odair Hellmann,5.0,1.0,2.0,1.0,0.0,0,1,0
6495,2019,2019-10-06,23,Flamengo,Jorge Jesus,1.0,1.0,1.0,0.0,1.0,0,0,1
6496,2019,2019-10-06,23,Atlético-MG,Rodrigo Santana,10.0,1.0,2.0,1.0,0.0,0,1,0
6501,2019,2019-10-10,24,Internacional,Odair Hellmann,6.0,0.0,1.0,1.0,-1.0,1,0,0
6504,2019,2019-10-10,24,São Paulo,Fernando Diniz,5.0,0.0,0.0,0.0,0.0,0,1,0
6506,2019,2019-10-10,24,Palmeiras,Mano Menezes,2.0,0.0,2.0,2.0,-2.0,1,0,0
6509,2019,2019-10-11,24,Atlético-MG,Rodrigo Santana,11.0,1.0,4.0,3.0,-2.0,1,0,0
6512,2019,2019-10-13,25,Botafogo,Bruno Lazaroni,12.0,0.0,1.0,1.0,-1.0,1,0,0
6515,2019,2019-10-13,25,Flamengo,Jorge Jesus,1.0,2.0,2.0,0.0,2.0,0,0,1
6517,2019,2019-10-13,25,Corinthians,Fábio Carille,4.0,0.0,1.0,1.0,-1.0,1,0,0
6518,2019,2019-10-14,25,Cruzeiro,Abel Braga,18.0,1.0,2.0,1.0,0.0,0,1,0
6519,2019,2019-10-14,25,Grêmio,Renato Gaúcho,7.0,4.0,5.0,1.0,3.0,0,0,1
6521,2019,2019-10-17,26,Atlético-MG,Vágner Mancini,11.0,2.0,4.0,2.0,0.0,0,1,0
6522,2019,2019-10-17,26,Flamengo,Jorge Jesus,1.0,2.0,3.0,1.0,1.0,0,0,1
6523,2019,2019-10-17,26,São Paulo,Fernando Diniz,5.0,0.0,1.0,1.0,-1.0,1,0,0
6525,2019,2019-10-17,26,Corinthians,Fábio Carille,4.0,2.0,4.0,2.0,0.0,0,1,0
6526,2019,2019-10-17,26,Botafogo,Alberto Valentim,13.0,1.0,3.0,2.0,-1.0,1,0,0
6528,2019,2019-10-18,26,Internacional,Ricardo Colbachini,7.0,2.0,2.0,0.0,2.0,0,0,1
6530,2019,2019-10-19,27,Grêmio,Renato Gaúcho,7.0,1.0,3.0,2.0,-1.0,1,0,0
6531,2019,2019-10-20,27,Cruzeiro,Abel Braga,18.0,2.0,3.0,1.0,1.0,0,0,1
6537,2019,2019-10-21,27,Palmeiras,Mano Menezes,2.0,1.0,2.0,1.0,0.0,0,1,0
6542,2019,2019-10-27,28,Internacional,Zé Ricardo,6.0,3.0,5.0,2.0,1.0,0,0,1
6545,2019,2019-10-27,28,Atlético-MG,Vágner Mancini,12.0,0.0,2.0,2.0,-2.0,1,0,0
6547,2019,2019-10-27,28,Botafogo,Alberto Valentim,13.0,0.0,3.0,3.0,-3.0,1,0,0
6548,2019,2019-10-27,28,Palmeiras,Mano Menezes,2.0,2.0,3.0,1.0,1.0,0,0,1
6551,2019,2019-10-30,29,São Paulo,Fernando Diniz,4.0,0.0,3.0,3.0,-3.0,1,0,0
6554,2019,2019-10-31,29,Corinthians,Fábio Carille,6.0,1.0,3.0,2.0,-1.0,1,0,0
6555,2019,2019-10-31,29,Grêmio,Renato Gaúcho,7.0,3.0,4.0,1.0,2.0,0,0,1
6557,2019,2019-11-01,29,Flamengo,Jorge Jesus,1.0,2.0,4.0,2.0,0.0,0,1,0
6559,2019,2019-11-01,29,Cruzeiro,Abel Braga,17.0,2.0,2.0,0.0,2.0,0,0,1
6560,2019,2019-11-02,30,Atlético-MG,Vágner Mancini,13.0,2.0,4.0,2.0,0.0,0,1,0
6563,2019,2019-11-03,30,São Paulo,Fernando Diniz,4.0,3.0,3.0,0.0,3.0,0,0,1
6564,2019,2019-11-03,30,Corinthians,Fábio Carille,7.0,1.0,5.0,4.0,-3.0,1,0,0
6565,2019,2019-11-03,30,Internacional,Zé Ricardo,6.0,0.0,2.0,2.0,-2.0,1,0,0
6568,2019,2019-11-03,30,Botafogo,Alberto Valentim,14.0,1.0,5.0,4.0,-3.0,1,0,0
6571,2019,2019-11-06,31,Palmeiras,Mano Menezes,2.0,2.0,3.0,1.0,1.0,0,0,1
6572,2019,2019-11-06,31,Cruzeiro,Abel Braga,16.0,0.0,0.0,0.0,0.0,0,1,0
6576,2019,2019-11-07,31,Internacional,Zé Ricardo,7.0,0.0,2.0,2.0,-2.0,1,0,0
6578,2019,2019-11-07,31,Flamengo,Jorge Jesus,1.0,1.0,1.0,0.0,1.0,0,0,1
6581,2019,2019-11-09,32,Corinthians,Coelho,6.0,1.0,2.0,1.0,0.0,0,1,0
6583,2019,2019-11-10,32,Atlético-MG,Vágner Mancini,11.0,0.0,0.0,0.0,0.0,0,1,0
6586,2019,2019-11-10,32,Grêmio,Renato Gaúcho,4.0,1.0,1.0,0.0,1.0,0,0,1
6590,2019,2019-11-16,33,São Paulo,Fernando Diniz,5.0,1.0,2.0,1.0,0.0,0,1,0
6591,2019,2019-11-16,33,Atlético-MG,Vágner Mancini,12.0,1.0,2.0,1.0,0.0,0,1,0
6593,2019,2019-11-17,33,Botafogo,Alberto Valentim,14.0,0.0,1.0,1.0,-1.0,1,0,0
6594,2019,2019-11-17,33,Palmeiras,Mano Menezes,2.0,1.0,2.0,1.0,0.0,0,1,0
6595,2019,2019-11-17,33,Flamengo,Jorge Jesus,1.0,1.0,1.0,0.0,1.0,0,0,1
6596,2019,2019-11-17,33,Internacional,Zé Ricardo,7.0,0.0,0.0,0.0,0.0,0,1,0
6601,2019,2019-11-24,34,Cruzeiro,Abel Braga,16.0,1.0,5.0,4.0,-3.0,1,0,0
6604,2019,2019-11-24,34,Grêmio,Renato Gaúcho,4.0,2.0,3.0,1.0,1.0,0,0,1
6605,2019,2019-11-24,34,Corinthians,Coelho,8.0,0.0,1.0,1.0,-1.0,1,0,0
6608,2019,2019-11-24,34,São Paulo,Fernando Diniz,6.0,1.0,2.0,1.0,0.0,0,1,0
6610,2019,2019-11-27,35,Botafogo,Alberto Valentim,14.0,1.0,1.0,0.0,1.0,0,0,1
6612,2019,2019-11-27,35,Atlético-MG,Vágner Mancini,13.0,1.0,2.0,1.0,0.0,0,1,0
6613,2019,2019-11-27,35,Grêmio,Renato Gaúcho,4.0,0.0,2.0,2.0,-2.0,1,0,0
6617,2019,2019-11-28,35,Palmeiras,Mano Menezes,3.0,0.0,1.0,1.0,-1.0,1,0,0
6620,2019,2019-11-30,36,Internacional,Zé Ricardo,8.0,1.0,1.0,0.0,1.0,0,0,1
6622,2019,2019-12-01,36,Flamengo,Jorge Jesus,1.0,3.0,4.0,1.0,2.0,0,0,1
6625,2019,2019-12-01,36,Corinthians,Coelho,7.0,1.0,3.0,2.0,-1.0,1,0,0
6626,2019,2019-12-01,36,São Paulo,Fernando Diniz,6.0,0.0,3.0,3.0,-3.0,1,0,0
6629,2019,2019-12-02,36,Cruzeiro,Adilson Batista,17.0,0.0,1.0,1.0,-1.0,1,0,0
6631,2019,2019-12-04,37,Botafogo,Alberto Valentim,14.0,0.0,2.0,2.0,-2.0,1,0,0
6632,2019,2019-12-04,37,Corinthians,Coelho,8.0,1.0,1.0,0.0,1.0,0,0,1
6634,2019,2019-12-04,37,Internacional,Zé Ricardo,7.0,1.0,3.0,2.0,-1.0,1,0,0
6638,2019,2019-12-05,37,Cruzeiro,Adilson Batista,17.0,0.0,2.0,2.0,-2.0,1,0,0
6640,2019,2019-12-08,38,Atlético-MG,Vágner Mancini,12.0,1.0,3.0,2.0,-1.0,1,0,0
6641,2019,2019-12-08,38,Palmeiras,Andrey Lopes,3.0,2.0,2.0,0.0,2.0,0,0,1
6644,2019,2019-12-08,38,Flamengo,Jorge Jesus,1.0,0.0,4.0,4.0,-4.0,1,0,0
6648,2019,2019-12-08,38,Grêmio,Renato Gaúcho,4.0,2.0,5.0,3.0,-1.0,1,0,0
6649,2019,2019-12-08,38,São Paulo,Fernando Diniz,6.0,2.0,3.0,1.0,1.0,0,0,1
6650,2020,2020-08-09,1,Internacional,Eduardo Coudet,6.0,1.0,1.0,0.0,1.0,0,0,1
6652,2020,2020-08-09,1,Atlético-MG,Jorge Sampaoli,7.0,1.0,1.0,0.0,1.0,0,0,1
6658,2020,2020-12-03,1,São Paulo,Fernando Diniz,1.0,3.0,3.0,0.0,3.0,0,0,1
6660,2020,2020-08-12,2,Corinthians,Tiago Nunes,12.0,2.0,5.0,3.0,-1.0,1,0,0
6662,2020,2020-08-12,2,Botafogo,Paulo Autuori,15.0,1.0,2.0,1.0,0.0,0,1,0
6663,2020,2020-08-12,2,Flamengo,Domènec Torrent,16.0,0.0,3.0,3.0,-3.0,1,0,0
6665,2020,2020-08-13,2,Palmeiras,Vanderlei Luxemburgo,9.0,1.0,2.0,1.0,0.0,0,1,0
6666,2020,2020-08-13,2,Grêmio,Renato Gaúcho,5.0,1.0,2.0,1.0,0.0,0,1,0
6669,2020,2020-08-14,2,Sport Recife,Daniel Paulista,3.0,0.0,2.0,2.0,-2.0,1,0,0
6670,2020,2020-08-16,3,Corinthians,Tiago Nunes,13.0,0.0,0.0,0.0,0.0,0,1,0
6671,2020,2020-08-16,3,Flamengo,Domènec Torrent,20.0,1.0,1.0,0.0,1.0,0,0,1
6674,2020,2020-08-16,3,São Paulo,Fernando Diniz,1.0,1.0,3.0,2.0,-1.0,1,0,0
6676,2020,2020-08-16,3,Internacional,Eduardo Coudet,3.0,1.0,3.0,2.0,-1.0,1,0,0
6677,2020,2020-08-17,3,Sport Recife,Daniel Paulista,9.0,1.0,2.0,1.0,0.0,0,1,0
6678,2020,2020-08-17,3,Botafogo,Paulo Autuori,14.0,0.0,0.0,0.0,0.0,0,1,0
6680,2020,2020-08-20,4,Grêmio,Renato Gaúcho,8.0,1.0,2.0,1.0,0.0,0,1,0
6682,2020,2020-08-20,4,Palmeiras,Vanderlei Luxemburgo,13.0,1.0,1.0,0.0,1.0,0,0,1
6685,2020,2020-08-20,4,Atlético-MG,Jorge Sampaoli,1.0,1.0,3.0,2.0,-1.0,1,0,0
6691,2020,2020-08-23,5,Atlético-MG,Jorge Sampaoli,4.0,0.0,1.0,1.0,-1.0,1,0,0
6693,2020,2020-08-23,5,Botafogo,Paulo Autuori,12.0,1.0,2.0,1.0,0.0,0,1,0
6694,2020,2020-08-23,5,Grêmio,Renato Gaúcho,9.0,0.0,0.0,0.0,0.0,0,1,0
6697,2020,2020-08-24,5,São Paulo,Fernando Diniz,5.0,1.0,1.0,0.0,1.0,0,0,1
6700,2020,2020-08-29,6,Internacional,Eduardo Coudet,1.0,2.0,2.0,0.0,2.0,0,0,1
6702,2020,2020-08-30,6,Palmeiras,Vanderlei Luxemburgo,6.0,1.0,2.0,1.0,0.0,0,1,0
6704,2020,2020-08-30,6,Corinthians,Tiago Nunes,11.0,1.0,3.0,2.0,-1.0,1,0,0
6705,2020,2020-08-30,6,Flamengo,Domènec Torrent,16.0,1.0,1.0,0.0,1.0,0,0,1
6706,2020,2020-08-30,6,Sport Recife,Jair Ventura,17.0,0.0,1.0,1.0,-1.0,1,0,0
6711,2020,2020-09-03,7,Corinthians,Tiago Nunes,15.0,2.0,3.0,1.0,1.0,0,0,1
6715,2020,2020-09-03,7,Flamengo,Domènec Torrent,11.0,5.0,8.0,3.0,2.0,0,0,1
6716,2020,2020-09-03,7,Internacional,Eduardo Coudet,1.0,1.0,2.0,1.0,0.0,0,1,0
6718,2020,2020-09-04,7,Sport Recife,Jair Ventura,19.0,2.0,3.0,1.0,1.0,0,0,1
6719,2020,2020-09-04,7,São Paulo,Fernando Diniz,2.0,0.0,3.0,3.0,-3.0,1,0,0
6721,2020,2020-09-06,8,Botafogo,Paulo Autuori,17.0,2.0,4.0,2.0,0.0,0,1,0
6723,2020,2020-09-06,8,Palmeiras,Vanderlei Luxemburgo,8.0,2.0,3.0,1.0,1.0,0,0,1
6727,2020,2020-09-07,8,Grêmio,Renato Gaúcho,11.0,1.0,2.0,1.0,0.0,0,1,0
6729,2020,2020-09-07,8,Atlético-MG,Jorge Sampaoli,3.0,1.0,1.0,0.0,1.0,0,0,1
6730,2020,2020-09-09,9,Botafogo,Paulo Autuori,16.0,1.0,2.0,1.0,0.0,0,1,0
6732,2020,2020-09-09,9,Sport Recife,Jair Ventura,13.0,0.0,1.0,1.0,-1.0,1,0,0
6734,2020,2020-09-10,9,Flamengo,Domènec Torrent,5.0,2.0,3.0,1.0,1.0,0,0,1
6735,2020,2020-09-10,9,Atlético-MG,Jorge Sampaoli,3.0,1.0,4.0,3.0,-2.0,1,0,0
6737,2020,2020-09-11,9,Palmeiras,Vanderlei Luxemburgo,6.0,2.0,2.0,0.0,2.0,0,0,1
6738,2020,2020-09-11,9,Grêmio,Renato Gaúcho,10.0,2.0,2.0,0.0,2.0,0,0,1
6741,2020,2020-09-13,10,São Paulo,Fernando Diniz,2.0,2.0,4.0,2.0,0.0,0,1,0
6742,2020,2020-09-13,10,Corinthians,Coelho,15.0,1.0,3.0,2.0,-1.0,1,0,0
6744,2020,2020-09-13,10,Flamengo,Domènec Torrent,3.0,0.0,2.0,2.0,-2.0,1,0,0
6746,2020,2020-09-13,10,Internacional,Eduardo Coudet,1.0,0.0,1.0,1.0,-1.0,1,0,0
6748,2020,2020-09-14,10,Sport Recife,Jair Ventura,13.0,2.0,4.0,2.0,0.0,0,1,0
6753,2020,2020-09-20,11,Internacional,Eduardo Coudet,1.0,0.0,1.0,1.0,-1.0,1,0,0
6754,2020,2020-09-20,11,Atlético-MG,Jorge Sampaoli,2.0,4.0,7.0,3.0,1.0,0,0,1
6755,2020,2020-09-20,11,Palmeiras,Vanderlei Luxemburgo,5.0,1.0,2.0,1.0,0.0,0,1,0
6760,2020,2020-09-24,12,Corinthians,Coelho,14.0,0.0,1.0,1.0,-1.0,1,0,0
6761,2020,2020-09-27,12,São Paulo,Fernando Diniz,2.0,1.0,2.0,1.0,0.0,0,1,0
6763,2020,2020-09-27,12,Grêmio,Renato Gaúcho,8.0,1.0,4.0,3.0,-2.0,1,0,0
6765,2020,2020-09-27,12,Flamengo,Domènec Torrent,4.0,1.0,2.0,1.0,0.0,0,1,0
6767,2020,2020-09-27,12,Botafogo,Paulo Autuori,19.0,1.0,2.0,1.0,0.0,0,1,0
6770,2020,2020-10-03,13,Internacional,Eduardo Coudet,3.0,1.0,2.0,1.0,0.0,0,1,0
6772,2020,2020-10-04,13,Corinthians,Coelho,15.0,0.0,0.0,0.0,0.0,0,1,0
6775,2020,2020-10-04,13,São Paulo,Fernando Diniz,2.0,1.0,2.0,1.0,0.0,0,1,0
6776,2020,2020-10-04,13,Sport Recife,Jair Ventura,9.0,2.0,3.0,1.0,1.0,0,0,1
6781,2020,2020-10-08,14,Sport Recife,Jair Ventura,6.0,0.0,3.0,3.0,-3.0,1,0,0
6786,2020,2020-10-08,14,Palmeiras,Vanderlei Luxemburgo,4.0,1.0,3.0,2.0,-1.0,1,0,0
6787,2020,2020-10-08,14,Atlético-MG,Jorge Sampaoli,1.0,1.0,3.0,2.0,-1.0,1,0,0
6789,2020,2020-10-09,14,Internacional,Eduardo Coudet,5.0,2.0,2.0,0.0,2.0,0,0,1
6790,2020,2020-10-10,15,Flamengo,Domènec Torrent,2.0,2.0,3.0,1.0,1.0,0,0,1
6791,2020,2020-10-11,15,São Paulo,Fernando Diniz,3.0,2.0,2.0,0.0,2.0,0,0,1
6795,2020,2020-10-11,15,Grêmio,Renato Gaúcho,10.0,1.0,3.0,2.0,-1.0,1,0,0
6796,2020,2020-10-11,15,Botafogo,Bruno Lazaroni,17.0,2.0,3.0,1.0,1.0,0,0,1
6799,2020,2020-10-12,15,Corinthians,Coelho,15.0,1.0,3.0,2.0,-1.0,1,0,0
6801,2020,2020-10-15,16,Botafogo,Bruno Lazaroni,15.0,1.0,4.0,3.0,-2.0,1,0,0
6804,2020,2020-10-15,16,Internacional,Eduardo Coudet,4.0,5.0,8.0,3.0,2.0,0,0,1
6805,2020,2020-10-15,16,Corinthians,Vágner Mancini,17.0,1.0,1.0,0.0,1.0,0,0,1
6809,2020,2020-11-25,16,São Paulo,Fernando Diniz,3.0,1.0,2.0,1.0,0.0,0,1,0
6813,2020,2020-10-18,17,Grêmio,Renato Gaúcho,7.0,0.0,0.0,0.0,0.0,0,1,0
6814,2020,2020-10-18,17,Flamengo,Domènec Torrent,3.0,5.0,6.0,1.0,4.0,0,0,1
6816,2020,2020-10-19,17,Palmeiras,Andrey Lopes,8.0,0.0,2.0,2.0,-2.0,1,0,0
6817,2020,2020-10-19,17,Sport Recife,Jair Ventura,11.0,0.0,2.0,2.0,-2.0,1,0,0
6818,2020,2020-10-20,17,Atlético-MG,Jorge Sampaoli,1.0,1.0,4.0,3.0,-2.0,1,0,0
6820,2020,2020-10-22,18,Corinthians,Vágner Mancini,17.0,2.0,3.0,1.0,1.0,0,0,1
6823,2020,2020-10-25,18,Sport Recife,Jair Ventura,11.0,0.0,0.0,0.0,0.0,0,1,0
6825,2020,2020-10-25,18,Palmeiras,Andrey Lopes,9.0,3.0,3.0,0.0,3.0,0,0,1
6826,2020,2020-10-25,18,Flamengo,Domènec Torrent,2.0,2.0,4.0,2.0,0.0,0,1,0
6827,2020,2020-10-25,18,Grêmio,Renato Gaúcho,8.0,2.0,3.0,1.0,1.0,0,0,1
6829,2020,2020-12-10,18,Botafogo,Felipe Lucena,16.0,0.0,4.0,4.0,-4.0,1,0,0
6831,2020,2020-10-31,19,Internacional,Eduardo Coudet,1.0,0.0,1.0,1.0,-1.0,1,0,0
6834,2020,2020-11-01,19,São Paulo,Fernando Diniz,3.0,4.0,5.0,1.0,3.0,0,0,1
6838,2020,2020-11-02,19,Atlético-MG,Jorge Sampaoli,4.0,0.0,3.0,3.0,-3.0,1,0,0
6840,2020,2020-11-07,20,Sport Recife,Jair Ventura,10.0,0.0,0.0,0.0,0.0,0,1,0
6843,2020,2020-11-08,20,Corinthians,Vágner Mancini,12.0,1.0,2.0,1.0,0.0,0,1,0
6844,2020,2020-11-08,20,Palmeiras,Abel Ferreira,8.0,1.0,1.0,0.0,1.0,0,0,1
6846,2020,2020-11-08,20,Flamengo,Domènec Torrent,3.0,0.0,4.0,4.0,-4.0,1,0,0
6847,2020,2020-11-08,20,Botafogo,Flávio Tenius,16.0,0.0,1.0,1.0,-1.0,1,0,0
6849,2020,2020-11-09,20,Grêmio,Renato Gaúcho,7.0,1.0,1.0,0.0,1.0,0,0,1
6851,2020,2020-11-14,21,Internacional,Abel Braga,2.0,0.0,2.0,2.0,-2.0,1,0,0
6853,2020,2020-11-14,21,São Paulo,Fernando Diniz,1.0,3.0,5.0,2.0,1.0,0,0,1
6854,2020,2020-11-14,21,Atlético-MG,Jorge Sampaoli,3.0,2.0,3.0,1.0,1.0,0,0,1
6863,2020,2020-11-22,22,Palmeiras,Abel Ferreira,6.0,0.0,1.0,1.0,-1.0,1,0,0
6865,2020,2020-11-22,22,Atlético-MG,Jorge Sampaoli,2.0,2.0,4.0,2.0,0.0,0,1,0
6868,2020,2020-11-22,22,Grêmio,Renato Gaúcho,5.0,0.0,0.0,0.0,0.0,0,1,0
6870,2020,2020-11-26,23,Botafogo,Emiliano Ramón Díaz,19.0,1.0,3.0,2.0,-1.0,1,0,0
6871,2020,2020-11-26,23,Corinthians,Vágner Mancini,15.0,1.0,1.0,0.0,1.0,0,0,1
6873,2020,2020-11-28,23,Sport Recife,Jair Ventura,16.0,2.0,6.0,4.0,-2.0,1,0,0
6875,2020,2020-11-28,23,São Paulo,Fernando Diniz,1.0,3.0,4.0,1.0,2.0,0,0,1
6876,2020,2020-11-29,23,Internacional,Abel Braga,5.0,0.0,0.0,0.0,0.0,0,1,0
6879,2020,2021-01-29,23,Flamengo,Rogério Ceni,3.0,4.0,6.0,2.0,2.0,0,0,1
6880,2020,2020-12-03,24,Corinthians,Vágner Mancini,11.0,0.0,0.0,0.0,0.0,0,1,0
6881,2020,2020-12-05,24,Flamengo,Rogério Ceni,3.0,1.0,1.0,0.0,1.0,0,0,1
6882,2020,2020-12-05,24,Palmeiras,Abel Ferreira,4.0,2.0,4.0,2.0,0.0,0,1,0
6887,2020,2020-12-06,24,Sport Recife,Jair Ventura,16.0,0.0,1.0,1.0,-1.0,1,0,0
6888,2020,2020-12-06,24,Internacional,Abel Braga,5.0,2.0,4.0,2.0,0.0,0,1,0
6890,2020,2020-12-12,25,Atlético-MG,Jorge Sampaoli,3.0,1.0,1.0,0.0,1.0,0,0,1
6892,2020,2020-12-12,25,Botafogo,Eduardo Barroca,19.0,1.0,3.0,2.0,-1.0,1,0,0
6895,2020,2020-12-13,25,Grêmio,Renato Gaúcho,4.0,0.0,0.0,0.0,0.0,0,1,0
6897,2020,2020-12-13,25,São Paulo,Fernando Diniz,1.0,0.0,1.0,1.0,-1.0,1,0,0
6901,2020,2020-12-17,26,Atlético-MG,Jorge Sampaoli,3.0,0.0,3.0,3.0,-3.0,1,0,0
6902,2020,2020-12-19,26,Grêmio,Renato Gaúcho,6.0,1.0,2.0,1.0,0.0,0,1,0
6904,2020,2020-12-20,26,Botafogo,Eduardo Barroca,20.0,2.0,3.0,1.0,1.0,0,0,1
6905,2020,2020-12-20,26,Palmeiras,Abel Ferreira,4.0,0.0,2.0,2.0,-2.0,1,0,0
6911,2020,2020-12-26,27,Flamengo,Rogério Ceni,2.0,0.0,0.0,0.0,0.0,0,1,0
6912,2020,2020-12-26,27,Sport Recife,Jair Ventura,15.0,0.0,1.0,1.0,-1.0,1,0,0
6914,2020,2020-12-27,27,São Paulo,Fernando Diniz,1.0,2.0,3.0,1.0,1.0,0,0,1
6915,2020,2020-12-27,27,Corinthians,Vágner Mancini,9.0,2.0,2.0,0.0,2.0,0,0,1
6916,2020,2020-12-27,27,Internacional,Abel Braga,4.0,2.0,3.0,1.0,1.0,0,0,1
6925,2020,2021-01-07,28,São Paulo,Fernando Diniz,1.0,2.0,6.0,4.0,-2.0,1,0,0
6926,2020,2021-01-07,28,Internacional,Abel Braga,4.0,2.0,2.0,0.0,2.0,0,0,1
6928,2020,2021-01-18,28,Corinthians,Vágner Mancini,9.0,0.0,4.0,4.0,-4.0,1,0,0
6930,2020,2021-01-09,29,Palmeiras,Abel Ferreira,5.0,1.0,1.0,0.0,1.0,0,0,1
6932,2020,2021-01-10,29,Grêmio,Renato Gaúcho,6.0,0.0,0.0,0.0,0.0,0,1,0
6937,2020,2021-01-10,29,Botafogo,Eduardo Barroca,19.0,0.0,3.0,3.0,-3.0,1,0,0
6938,2020,2021-01-11,29,Atlético-MG,Jorge Sampaoli,2.0,2.0,4.0,2.0,0.0,0,1,0
6940,2020,2021-01-16,30,Grêmio,Renato Gaúcho,6.0,1.0,2.0,1.0,0.0,0,1,0
6941,2020,2021-01-16,30,Sport Recife,Jair Ventura,15.0,0.0,1.0,1.0,-1.0,1,0,0
6943,2020,2021-01-17,30,Botafogo,Eduardo Barroca,19.0,1.0,3.0,2.0,-1.0,1,0,0
6944,2020,2021-01-17,30,São Paulo,Fernando Diniz,1.0,1.0,2.0,1.0,0.0,0,1,0
6948,2020,2021-01-19,30,Flamengo,Rogério Ceni,4.0,3.0,3.0,0.0,3.0,0,0,1
6949,2020,2021-01-28,30,Corinthians,Vágner Mancini,9.0,1.0,3.0,2.0,-1.0,1,0,0
6952,2020,2021-01-20,31,Atlético-MG,Jorge Sampaoli,2.0,1.0,2.0,1.0,0.0,0,1,0
6954,2020,2021-01-21,31,Internacional,Abel Braga,3.0,5.0,6.0,1.0,4.0,0,0,1
6956,2020,2021-01-21,31,Palmeiras,Abel Ferreira,5.0,0.0,2.0,2.0,-2.0,1,0,0
6959,2020,2021-01-22,31,Sport Recife,Jair Ventura,15.0,0.0,3.0,3.0,-3.0,1,0,0
6961,2020,2021-01-24,32,Atlético-MG,Jorge Sampaoli,3.0,2.0,5.0,3.0,-1.0,1,0,0
6962,2020,2021-01-24,32,Grêmio,Renato Gaúcho,6.0,1.0,3.0,2.0,-1.0,1,0,0
6963,2020,2021-01-24,32,Flamengo,Rogério Ceni,2.0,1.0,3.0,2.0,-1.0,1,0,0
6964,2020,2021-01-24,32,Palmeiras,Abel Ferreira,5.0,1.0,3.0,2.0,-1.0,1,0,0
6968,2020,2021-01-25,32,Botafogo,Eduardo Barroca,20.0,0.0,2.0,2.0,-2.0,1,0,0
6971,2020,2021-01-31,33,Grêmio,Renato Gaúcho,6.0,1.0,2.0,1.0,0.0,0,1,0
6972,2020,2021-01-31,33,São Paulo,Fernando Diniz,3.0,1.0,3.0,2.0,-1.0,1,0,0
6977,2020,2021-02-02,33,Flamengo,Rogério Ceni,2.0,3.0,3.0,0.0,3.0,0,0,1
6978,2020,2021-02-02,33,Botafogo,Eduardo Barroca,20.0,1.0,2.0,1.0,0.0,0,1,0
6979,2020,2021-02-17,33,Corinthians,Vágner Mancini,9.0,0.0,1.0,1.0,-1.0,1,0,0
6984,2020,2021-02-04,34,Atlético-MG,Jorge Sampaoli,3.0,0.0,1.0,1.0,-1.0,1,0,0
6987,2020,2021-02-05,34,Internacional,Abel Braga,1.0,0.0,0.0,0.0,0.0,0,1,0
6988,2020,2021-02-05,34,Sport Recife,Jair Ventura,16.0,1.0,1.0,0.0,1.0,0,0,1
6989,2020,2021-02-20,34,Palmeiras,Abel Ferreira,6.0,1.0,2.0,1.0,0.0,0,1,0
6992,2020,2021-02-07,35,Flamengo,Rogério Ceni,2.0,1.0,2.0,1.0,0.0,0,1,0
6993,2020,2021-02-08,35,Grêmio,Renato Gaúcho,7.0,5.0,7.0,2.0,3.0,0,0,1
6994,2020,2021-02-10,35,Sport Recife,Jair Ventura,14.0,2.0,3.0,1.0,1.0,0,0,1
6997,2020,2021-02-11,35,Atlético-MG,Jorge Sampaoli,3.0,0.0,0.0,0.0,0.0,0,1,0
6999,2020,2021-02-17,35,Palmeiras,Abel Ferreira,6.0,0.0,1.0,1.0,-1.0,1,0,0
7000,2020,2021-02-13,36,Botafogo,Lúcio Flávio,20.0,0.0,2.0,2.0,-2.0,1,0,0
7003,2020,2021-02-14,36,Corinthians,Vágner Mancini,9.0,1.0,3.0,2.0,-1.0,1,0,0
7004,2020,2021-02-14,36,Internacional,Abel Braga,1.0,2.0,2.0,0.0,2.0,0,0,1
7007,2020,2021-02-15,36,São Paulo,Vizolli,4.0,2.0,3.0,1.0,1.0,0,0,1
7012,2020,2021-02-21,37,Atlético-MG,Jorge Sampaoli,4.0,3.0,5.0,2.0,1.0,0,0,1
7013,2020,2021-02-21,37,Internacional,Abel Braga,1.0,1.0,3.0,2.0,-1.0,1,0,0
7019,2020,2021-02-23,37,São Paulo,Vizolli,3.0,0.0,1.0,1.0,-1.0,1,0,0
7020,2020,2021-02-25,38,Flamengo,Rogério Ceni,1.0,1.0,3.0,2.0,-1.0,1,0,0
7023,2020,2021-02-26,38,Grêmio,Renato Gaúcho,6.0,0.0,1.0,1.0,-1.0,1,0,0
7024,2020,2021-02-26,38,Palmeiras,Abel Ferreira,7.0,0.0,2.0,2.0,-2.0,1,0,0
7025,2020,2021-02-26,38,Corinthians,Vágner Mancini,10.0,0.0,0.0,0.0,0.0,0,1,0
7027,2020,2021-02-26,38,Sport Recife,Jair Ventura,14.0,0.0,2.0,2.0,-2.0,1,0,0
7028,2020,2021-02-26,38,Botafogo,Lúcio Flávio,20.0,1.0,3.0,2.0,-1.0,1,0,0
